date,dirty_tanker,clean_tanker
01/Jan/2019,1252,813
02/Jan/2019,1009,666
03/Jan/2019,999,657
04/Jan/2019,982,656
07/Jan/2019,973,666
08/Jan/2019,967,684
09/Jan/2019,957,683
10/Jan/2019,930,674
11/Jan/2019,929,667
14/Jan/2019,925,659
15/Jan/2019,920,655
16/Jan/2019,920,655
17/Jan/2019,891,665
18/Jan/2019,873,661
21/Jan/2019,875,659
22/Jan/2019,868,664
23/Jan/2019,866,668
24/Jan/2019,875,668
25/Jan/2019,877,672
28/Jan/2019,874,669
29/Jan/2019,872,667
30/Jan/2019,859,659
31/Jan/2019,848,653
01/Feb/2019,843,649
04/Feb/2019,824,640
05/Feb/2019,806,636
06/Feb/2019,805,633
07/Feb/2019,797,629
08/Feb/2019,795,624
11/Feb/2019,791,618
12/Feb/2019,790,624
13/Feb/2019,798,618
14/Feb/2019,806,613
15/Feb/2019,818,609
18/Feb/2019,819,605
19/Feb/2019,828,607
20/Feb/2019,831,605
21/Feb/2019,828,594
22/Feb/2019,823,595
25/Feb/2019,801,588
26/Feb/2019,799,583
27/Feb/2019,796,580
28/Feb/2019,781,576
01/Mar/2019,774,575
04/Mar/2019,762,581
05/Mar/2019,754,585
06/Mar/2019,753,584
07/Mar/2019,747,577
08/Mar/2019,742,575
11/Mar/2019,737,575
12/Mar/2019,743,580
13/Mar/2019,740,588
14/Mar/2019,737,603
15/Mar/2019,735,606
18/Mar/2019,730,613
19/Mar/2019,715,627
20/Mar/2019,705,634
21/Mar/2019,700,650
22/Mar/2019,695,669
25/Mar/2019,688,684
26/Mar/2019,678,703
27/Mar/2019,663,723
28/Mar/2019,651,744
29/Mar/2019,648,737
01/Apr/2019,640,734
02/Apr/2019,632,709
03/Apr/2019,623,676
04/Apr/2019,618,644
05/Apr/2019,617,614
08/Apr/2019,610,604
09/Apr/2019,618,600
10/Apr/2019,620,596
11/Apr/2019,634,592
12/Apr/2019,639,586
15/Apr/2019,639,577
16/Apr/2019,643,574
17/Apr/2019,652,584
18/Apr/2019,653,576
19/Apr/2019,653,576
22/Apr/2019,653,576
23/Apr/2019,644,571
24/Apr/2019,636,573
25/Apr/2019,635,586
26/Apr/2019,640,584
29/Apr/2019,638,581
30/Apr/2019,634,567
01/May/2019,634,567
02/May/2019,638,546
03/May/2019,645,536
06/May/2019,645,536
07/May/2019,662,514
08/May/2019,672,523
09/May/2019,680,521
10/May/2019,697,516
13/May/2019,703,510
14/May/2019,704,505
15/May/2019,697,504
16/May/2019,683,507
17/May/2019,678,512
20/May/2019,674,516
21/May/2019,673,521
22/May/2019,672,522
23/May/2019,666,524
24/May/2019,665,527
27/May/2019,665,527
28/May/2019,658,539
29/May/2019,651,541
30/May/2019,643,538
31/May/2019,636,537
03/Jun/2019,634,523
04/Jun/2019,633,515
05/Jun/2019,632,518
06/Jun/2019,635,521
07/Jun/2019,643,521
10/Jun/2019,645,517
11/Jun/2019,654,507
12/Jun/2019,653,499
13/Jun/2019,657,494
14/Jun/2019,662,491
17/Jun/2019,668,492
18/Jun/2019,677,495
19/Jun/2019,676,498
20/Jun/2019,681,505
21/Jun/2019,679,510
24/Jun/2019,678,543
25/Jun/2019,679,550
26/Jun/2019,678,543
27/Jun/2019,677,536
28/Jun/2019,680,539
01/Jul/2019,679,543
02/Jul/2019,673,547
03/Jul/2019,660,551
04/Jul/2019,652,545
05/Jul/2019,650,542
08/Jul/2019,645,536
09/Jul/2019,640,529
10/Jul/2019,633,524
11/Jul/2019,631,525
12/Jul/2019,628,524
15/Jul/2019,627,523
16/Jul/2019,623,513
17/Jul/2019,627,501
18/Jul/2019,625,491
19/Jul/2019,622,480
22/Jul/2019,624,478
23/Jul/2019,626,473
24/Jul/2019,628,471
25/Jul/2019,634,469
26/Jul/2019,634,466
29/Jul/2019,632,461
30/Jul/2019,624,455
31/Jul/2019,621,456
01/Aug/2019,620,464
02/Aug/2019,621,467
05/Aug/2019,617,489
06/Aug/2019,617,501
07/Aug/2019,626,498
08/Aug/2019,628,492
09/Aug/2019,627,488
12/Aug/2019,626,485
13/Aug/2019,627,474
14/Aug/2019,627,463
15/Aug/2019,631,458
16/Aug/2019,646,453
19/Aug/2019,649,455
20/Aug/2019,657,461
21/Aug/2019,659,458
22/Aug/2019,656,462
23/Aug/2019,662,469
26/Aug/2019,662,469
27/Aug/2019,663,471
28/Aug/2019,664,469
29/Aug/2019,660,469
30/Aug/2019,656,468
02/Sep/2019,654,469
03/Sep/2019,651,470
04/Sep/2019,667,467
05/Sep/2019,676,464
06/Sep/2019,683,459
09/Sep/2019,685,459
10/Sep/2019,686,457
11/Sep/2019,696,453
12/Sep/2019,706,452
13/Sep/2019,708,450
16/Sep/2019,729,452
17/Sep/2019,755,453
18/Sep/2019,777,451
19/Sep/2019,795,448
20/Sep/2019,828,451
23/Sep/2019,833,458
24/Sep/2019,849,460
25/Sep/2019,850,464
26/Sep/2019,876,466
27/Sep/2019,935,465
30/Sep/2019,961,468
01/Oct/2019,998,474
02/Oct/2019,1033,496
03/Oct/2019,1123,530
04/Oct/2019,1191,544
07/Oct/2019,1258,552
08/Oct/2019,1355,604
09/Oct/2019,1442,626
10/Oct/2019,1561,636
11/Oct/2019,1941,666
14/Oct/2019,1958,781
15/Oct/2019,1797,960
16/Oct/2019,1641,1031
17/Oct/2019,1532,972
18/Oct/2019,1432,937
21/Oct/2019,1376,906
22/Oct/2019,1312,856
23/Oct/2019,1282,814
24/Oct/2019,1227,754
25/Oct/2019,1185,742
28/Oct/2019,1144,733
29/Oct/2019,1101,721
30/Oct/2019,1055,711
31/Oct/2019,1040,693
01/Nov/2019,1029,687
04/Nov/2019,1011,674
05/Nov/2019,967,639
06/Nov/2019,938,630
07/Nov/2019,914,622
08/Nov/2019,899,617
11/Nov/2019,902,614
12/Nov/2019,941,603
13/Nov/2019,984,603
14/Nov/2019,1082,612
15/Nov/2019,1119,632
18/Nov/2019,1143,673
19/Nov/2019,1194,696
20/Nov/2019,1235,747
21/Nov/2019,1276,842
22/Nov/2019,1296,880
25/Nov/2019,1276,942
26/Nov/2019,1297,961
27/Nov/2019,1301,951
28/Nov/2019,1283,940
29/Nov/2019,1267,923
02/Dec/2019,1252,879
03/Dec/2019,1237,847
04/Dec/2019,1259,820
05/Dec/2019,1286,809
06/Dec/2019,1315,804
09/Dec/2019,1338,803
10/Dec/2019,1375,830
11/Dec/2019,1414,854
12/Dec/2019,1419,879
13/Dec/2019,1440,892
16/Dec/2019,1455,895
17/Dec/2019,1509,901
18/Dec/2019,1545,904
19/Dec/2019,1560,911
20/Dec/2019,1589,926
23/Dec/2019,1580,952
24/Dec/2019,1597,958
25/Dec/2019,1597,958
26/Dec/2019,1597,958
27/Dec/2019,1597,958
30/Dec/2019,1597,958
31/Dec/2019,1597,958
01/Jan/2020,1597,958
02/Jan/2020,1503,889
03/Jan/2020,1517,888
06/Jan/2020,1500,892
07/Jan/2020,1509,877
08/Jan/2020,1520,857
09/Jan/2020,1508,828
10/Jan/2020,1473,801
13/Jan/2020,1448,791
14/Jan/2020,1396,779
15/Jan/2020,1340,752
16/Jan/2020,1305,720
17/Jan/2020,1241,710
20/Jan/2020,1226,704
21/Jan/2020,1227,685
22/Jan/2020,1237,669
23/Jan/2020,1208,646
24/Jan/2020,1190,639
27/Jan/2020,1152,633
28/Jan/2020,1093,625
29/Jan/2020,1046,623
30/Jan/2020,934,622
31/Jan/2020,882,615
03/Feb/2020,850,602
04/Feb/2020,803,601
05/Feb/2020,798,604
06/Feb/2020,796,614
07/Feb/2020,803,623
10/Feb/2020,816,615
11/Feb/2020,840,620
12/Feb/2020,847,633
13/Feb/2020,855,654
14/Feb/2020,865,668
17/Feb/2020,871,699
18/Feb/2020,871,710
19/Feb/2020,872,707
20/Feb/2020,870,700
21/Feb/2020,865,689
24/Feb/2020,862,660
25/Feb/2020,850,646
26/Feb/2020,817,636
27/Feb/2020,806,646
28/Feb/2020,796,652
02/Mar/2020,796,645
03/Mar/2020,796,646
04/Mar/2020,796,671
05/Mar/2020,792,683
06/Mar/2020,764,685
09/Mar/2020,778,717
10/Mar/2020,848,743
11/Mar/2020,1057,781
12/Mar/2020,1173,793
13/Mar/2020,1434,816
16/Mar/2020,1518,835
17/Mar/2020,1516,850
18/Mar/2020,1379,851
19/Mar/2020,1242,854
20/Mar/2020,1166,848
23/Mar/2020,1099,846
24/Mar/2020,1041,843
25/Mar/2020,1068,857
26/Mar/2020,1111,858
27/Mar/2020,1230,855
30/Mar/2020,1348,860
31/Mar/2020,1394,866
01/Apr/2020,1406,881
02/Apr/2020,1402,886
03/Apr/2020,1383,874
06/Apr/2020,1240,855
07/Apr/2020,1122,827
08/Apr/2020,1071,822
09/Apr/2020,1114,816
10/Apr/2020,1114,816
13/Apr/2020,1114,816
14/Apr/2020,1108,818
15/Apr/2020,1084,846
16/Apr/2020,1102,877
17/Apr/2020,1154,949
20/Apr/2020,1182,1045
21/Apr/2020,1377,1367
22/Apr/2020,1525,1831
23/Apr/2020,1537,2028
24/Apr/2020,1550,2170
27/Apr/2020,1536,2190
28/Apr/2020,1503,2111
29/Apr/2020,1387,2013
30/Apr/2020,1236,1912
01/May/2020,1105,1687
04/May/2020,1015,1518
05/May/2020,905,1339
06/May/2020,881,1216
07/May/2020,863,1163
08/May/2020,863,1163
11/May/2020,868,1069
12/May/2020,870,964
13/May/2020,872,898
14/May/2020,863,759
15/May/2020,852,704
18/May/2020,847,680
19/May/2020,818,652
20/May/2020,792,621
21/May/2020,756,569
22/May/2020,735,579
25/May/2020,735,579
26/May/2020,718,580
27/May/2020,733,577
28/May/2020,720,596
29/May/2020,713,587
01/Jun/2020,698,560
02/Jun/2020,653,546
03/Jun/2020,628,523
04/Jun/2020,605,491
05/Jun/2020,592,475
08/Jun/2020,584,458
09/Jun/2020,577,448
10/Jun/2020,572,431
11/Jun/2020,559,422
12/Jun/2020,551,418
15/Jun/2020,545,415
16/Jun/2020,530,402
17/Jun/2020,524,401
18/Jun/2020,513,402
19/Jun/2020,509,401
22/Jun/2020,496,402
23/Jun/2020,473,412
24/Jun/2020,459,408
25/Jun/2020,466,408
26/Jun/2020,467,407
29/Jun/2020,465,400
30/Jun/2020,462,396
01/Jul/2020,464,396
02/Jul/2020,464,390
03/Jul/2020,471,382
06/Jul/2020,483,375
07/Jul/2020,487,367
08/Jul/2020,492,358
09/Jul/2020,498,349
10/Jul/2020,500,344
13/Jul/2020,499,342
14/Jul/2020,492,339
15/Jul/2020,491,334
16/Jul/2020,509,329
17/Jul/2020,520,329
20/Jul/2020,534,340
21/Jul/2020,541,350
22/Jul/2020,539,355
23/Jul/2020,530,356
24/Jul/2020,520,355
27/Jul/2020,516,362
28/Jul/2020,513,362
29/Jul/2020,506,357
30/Jul/2020,505,357
31/Jul/2020,506,356
03/Aug/2020,506,356
04/Aug/2020,506,353
05/Aug/2020,509,353
06/Aug/2020,507,350
07/Aug/2020,507,350
10/Aug/2020,503,351
11/Aug/2020,497,353
12/Aug/2020,500,379
13/Aug/2020,499,399
14/Aug/2020,498,399
17/Aug/2020,493,400
18/Aug/2020,490,407
19/Aug/2020,491,412
20/Aug/2020,488,415
21/Aug/2020,483,423
24/Aug/2020,480,433
25/Aug/2020,477,483
26/Aug/2020,473,502
27/Aug/2020,472,492
28/Aug/2020,474,485
31/Aug/2020,474,485
01/Sep/2020,466,482
02/Sep/2020,457,480
03/Sep/2020,452,477
04/Sep/2020,446,477
07/Sep/2020,444,483
08/Sep/2020,446,465
09/Sep/2020,447,464
10/Sep/2020,450,461
11/Sep/2020,459,467
14/Sep/2020,456,462
15/Sep/2020,453,447
16/Sep/2020,448,432
17/Sep/2020,443,423
18/Sep/2020,441,419
21/Sep/2020,439,419
22/Sep/2020,433,416
23/Sep/2020,431,412
24/Sep/2020,434,401
25/Sep/2020,434,388
28/Sep/2020,436,382
29/Sep/2020,435,372
30/Sep/2020,435,373
01/Oct/2020,432,371
02/Oct/2020,429,372
05/Oct/2020,428,376
06/Oct/2020,424,375
07/Oct/2020,419,369
08/Oct/2020,417,368
09/Oct/2020,412,361
12/Oct/2020,410,357
13/Oct/2020,410,351
14/Oct/2020,412,350
15/Oct/2020,414,350
16/Oct/2020,417,355
19/Oct/2020,420,350
20/Oct/2020,423,344
21/Oct/2020,424,339
22/Oct/2020,421,327
23/Oct/2020,417,333
26/Oct/2020,425,334
27/Oct/2020,426,330
28/Oct/2020,422,322
29/Oct/2020,416,312
30/Oct/2020,411,312
02/Nov/2020,406,313
03/Nov/2020,405,313
04/Nov/2020,405,309
05/Nov/2020,405,310
06/Nov/2020,403,309
09/Nov/2020,403,316
10/Nov/2020,405,326
11/Nov/2020,407,326
12/Nov/2020,413,333
13/Nov/2020,425,337
16/Nov/2020,430,339
17/Nov/2020,432,345
18/Nov/2020,431,345
19/Nov/2020,437,346
20/Nov/2020,438,368
23/Nov/2020,437,372
24/Nov/2020,447,372
25/Nov/2020,451,372
26/Nov/2020,457,360
27/Nov/2020,455,360
30/Nov/2020,458,351
01/Dec/2020,455,344
02/Dec/2020,444,354
03/Dec/2020,445,351
04/Dec/2020,440,354
07/Dec/2020,440,361
08/Dec/2020,439,371
09/Dec/2020,435,395
10/Dec/2020,430,413
11/Dec/2020,431,425
14/Dec/2020,432,424
15/Dec/2020,435,431
16/Dec/2020,439,424
17/Dec/2020,453,411
18/Dec/2020,456,406
21/Dec/2020,461,399
22/Dec/2020,468,387
23/Dec/2020,466,385
24/Dec/2020,466,385
25/Dec/2020,466,385
28/Dec/2020,466,385
29/Dec/2020,466,385
30/Dec/2020,466,385
31/Dec/2020,466,385
01/Jan/2021,466,385
04/Jan/2021,543,434
05/Jan/2021,540,432
06/Jan/2021,533,433
07/Jan/2021,524,446
08/Jan/2021,520,447
11/Jan/2021,511,445
12/Jan/2021,505,441
13/Jan/2021,500,450
14/Jan/2021,496,456
15/Jan/2021,493,465
18/Jan/2021,492,466
19/Jan/2021,496,468
20/Jan/2021,498,485
21/Jan/2021,505,510
22/Jan/2021,512,510
25/Jan/2021,519,515
26/Jan/2021,520,513
27/Jan/2021,521,515
28/Jan/2021,521,513
29/Jan/2021,517,511
01/Feb/2021,515,506
02/Feb/2021,506,503
03/Feb/2021,497,490
04/Feb/2021,496,485
05/Feb/2021,496,483
08/Feb/2021,495,481
09/Feb/2021,497,482
10/Feb/2021,510,482
11/Feb/2021,519,488
12/Feb/2021,539,498
15/Feb/2021,550,509
16/Feb/2021,589,572
17/Feb/2021,602,571
18/Feb/2021,627,571
19/Feb/2021,639,571
22/Feb/2021,651,571
23/Feb/2021,663,560
24/Feb/2021,668,556
25/Feb/2021,669,543
26/Feb/2021,669,526
01/Mar/2021,668,500
02/Mar/2021,671,493
03/Mar/2021,667,487
04/Mar/2021,668,478
05/Mar/2021,666,488
08/Mar/2021,672,493
09/Mar/2021,696,503
10/Mar/2021,706,502
11/Mar/2021,720,504
12/Mar/2021,721,531
15/Mar/2021,727,566
16/Mar/2021,742,553
17/Mar/2021,746,558
18/Mar/2021,753,568
19/Mar/2021,748,581
22/Mar/2021,746,593
23/Mar/2021,747,623
24/Mar/2021,743,656
25/Mar/2021,748,674
26/Mar/2021,765,675
29/Mar/2021,765,677
30/Mar/2021,737,661
31/Mar/2021,710,643
01/Apr/2021,699,624
02/Apr/2021,699,624
05/Apr/2021,699,624
06/Apr/2021,685,602
07/Apr/2021,675,582
08/Apr/2021,658,570
09/Apr/2021,646,567
12/Apr/2021,629,577
13/Apr/2021,614,584
14/Apr/2021,612,567
15/Apr/2021,608,557
16/Apr/2021,605,539
19/Apr/2021,603,524
20/Apr/2021,600,515
21/Apr/2021,603,506
22/Apr/2021,605,489
23/Apr/2021,604,484
26/Apr/2021,603,471
27/Apr/2021,603,471
28/Apr/2021,604,468
29/Apr/2021,605,470
30/Apr/2021,606,469
03/May/2021,606,469
04/May/2021,602,462
05/May/2021,604,466
06/May/2021,604,472
07/May/2021,607,472
10/May/2021,605,502
11/May/2021,606,504
12/May/2021,613,507
13/May/2021,610,501
14/May/2021,610,517
17/May/2021,610,522
18/May/2021,611,533
19/May/2021,606,539
20/May/2021,610,540
21/May/2021,615,538
24/May/2021,613,532
25/May/2021,614,526
26/May/2021,610,510
27/May/2021,605,506
28/May/2021,604,509
31/May/2021,604,509
01/Jun/2021,598,516
02/Jun/2021,595,511
03/Jun/2021,589,501
04/Jun/2021,585,484
07/Jun/2021,583,475
08/Jun/2021,579,458
09/Jun/2021,581,452
10/Jun/2021,580,456
11/Jun/2021,581,455
14/Jun/2021,582,453
15/Jun/2021,583,450
16/Jun/2021,586,450
17/Jun/2021,588,451
18/Jun/2021,592,452
21/Jun/2021,604,454
22/Jun/2021,615,452
23/Jun/2021,621,450
24/Jun/2021,624,450
25/Jun/2021,624,449
28/Jun/2021,614,451
29/Jun/2021,605,449
30/Jun/2021,598,447
01/Jul/2021,592,445
02/Jul/2021,590,444
05/Jul/2021,586,445
06/Jul/2021,591,447
07/Jul/2021,588,447
08/Jul/2021,588,447
09/Jul/2021,586,445
12/Jul/2021,583,448
13/Jul/2021,582,453
14/Jul/2021,580,454
15/Jul/2021,585,464
16/Jul/2021,589,463
19/Jul/2021,590,463
20/Jul/2021,590,463
21/Jul/2021,591,460
22/Jul/2021,593,460
23/Jul/2021,593,457
26/Jul/2021,592,456
27/Jul/2021,594,471
28/Jul/2021,598,473
29/Jul/2021,604,477
30/Jul/2021,604,488
02/Aug/2021,605,501
03/Aug/2021,604,503
04/Aug/2021,607,505
05/Aug/2021,607,510
06/Aug/2021,609,513
09/Aug/2021,608,508
10/Aug/2021,608,505
11/Aug/2021,608,511
12/Aug/2021,609,526
13/Aug/2021,613,525
16/Aug/2021,610,523
17/Aug/2021,608,517
18/Aug/2021,607,506
19/Aug/2021,608,494
20/Aug/2021,610,489
23/Aug/2021,607,485
24/Aug/2021,605,487
25/Aug/2021,603,486
26/Aug/2021,604,495
27/Aug/2021,604,512
30/Aug/2021,604,512
31/Aug/2021,610,535
01/Sep/2021,613,543
02/Sep/2021,617,524
03/Sep/2021,616,517
06/Sep/2021,615,507
07/Sep/2021,610,491
08/Sep/2021,604,486
09/Sep/2021,609,481
10/Sep/2021,611,481
13/Sep/2021,612,480
14/Sep/2021,614,479
15/Sep/2021,618,477
16/Sep/2021,616,480
17/Sep/2021,608,480
20/Sep/2021,608,483
21/Sep/2021,607,486
22/Sep/2021,610,485
23/Sep/2021,614,487
24/Sep/2021,614,489
27/Sep/2021,616,498
28/Sep/2021,618,498
29/Sep/2021,623,493
30/Sep/2021,626,496
01/Oct/2021,630,496
04/Oct/2021,635,495
05/Oct/2021,649,491
06/Oct/2021,662,483
07/Oct/2021,668,479
08/Oct/2021,680,473
11/Oct/2021,692,474
12/Oct/2021,701,477
13/Oct/2021,710,480
14/Oct/2021,719,508
15/Oct/2021,726,550
18/Oct/2021,727,556
19/Oct/2021,737,568
20/Oct/2021,743,569
21/Oct/2021,755,571
22/Oct/2021,768,566
25/Oct/2021,784,575
26/Oct/2021,793,569
27/Oct/2021,796,567
28/Oct/2021,800,566
29/Oct/2021,797,568
01/Nov/2021,794,578
02/Nov/2021,793,579
03/Nov/2021,794,560
04/Nov/2021,798,556
05/Nov/2021,817,554
08/Nov/2021,828,555
09/Nov/2021,835,571
10/Nov/2021,833,588
11/Nov/2021,835,607
12/Nov/2021,821,618
15/Nov/2021,812,616
16/Nov/2021,802,608
17/Nov/2021,795,599
18/Nov/2021,788,599
19/Nov/2021,780,596
22/Nov/2021,763,603
23/Nov/2021,753,618
24/Nov/2021,744,623
25/Nov/2021,745,628
26/Nov/2021,738,632
29/Nov/2021,731,630
30/Nov/2021,721,636
01/Dec/2021,720,644
02/Dec/2021,727,646
03/Dec/2021,737,651
06/Dec/2021,754,664
07/Dec/2021,764,676
08/Dec/2021,771,716
09/Dec/2021,777,784
10/Dec/2021,785,838
13/Dec/2021,788,849
14/Dec/2021,795,853
15/Dec/2021,803,856
16/Dec/2021,801,818
17/Dec/2021,803,812
20/Dec/2021,804,801
21/Dec/2021,801,798
22/Dec/2021,788,797
23/Dec/2021,788,793
24/Dec/2021,786,788
27/Dec/2021,786,788
28/Dec/2021,786,788
29/Dec/2021,786,788
30/Dec/2021,786,788
31/Dec/2021,786,788
03/Jan/2022,786,788
04/Jan/2022,722,675
05/Jan/2022,711,654
06/Jan/2022,711,642
07/Jan/2022,705,627
10/Jan/2022,704,625
11/Jan/2022,698,613
12/Jan/2022,694,607
13/Jan/2022,698,596
14/Jan/2022,698,593
17/Jan/2022,697,589
18/Jan/2022,694,581
19/Jan/2022,692,567
20/Jan/2022,691,558
21/Jan/2022,692,551
24/Jan/2022,692,546
25/Jan/2022,691,543
26/Jan/2022,682,548
27/Jan/2022,685,549
28/Jan/2022,687,554
31/Jan/2022,689,560
01/Feb/2022,685,583
02/Feb/2022,682,586
03/Feb/2022,679,587
04/Feb/2022,679,589
07/Feb/2022,682,593
08/Feb/2022,681,592
09/Feb/2022,682,594
10/Feb/2022,681,608
11/Feb/2022,687,645
14/Feb/2022,690,661
15/Feb/2022,691,684
16/Feb/2022,692,679
17/Feb/2022,694,676
18/Feb/2022,699,687
21/Feb/2022,706,702
22/Feb/2022,715,704
23/Feb/2022,725,690
24/Feb/2022,904,696
25/Feb/2022,1147,696
28/Feb/2022,1343,731
01/Mar/2022,1449,790
02/Mar/2022,1466,935
03/Mar/2022,1497,991
04/Mar/2022,1474,989
07/Mar/2022,1517,1071
08/Mar/2022,1424,1049
09/Mar/2022,1349,1033
10/Mar/2022,1333,1047
11/Mar/2022,1312,1054
14/Mar/2022,1297,1050
15/Mar/2022,1279,1032
16/Mar/2022,1268,1019
17/Mar/2022,1225,1007
18/Mar/2022,1127,994
21/Mar/2022,1105,983
22/Mar/2022,1092,984
23/Mar/2022,1093,973
24/Mar/2022,1093,961
25/Mar/2022,1112,933
28/Mar/2022,1141,930
29/Mar/2022,1163,933
30/Mar/2022,1223,925
31/Mar/2022,1279,921
01/Apr/2022,1321,917
04/Apr/2022,1369,905
05/Apr/2022,1469,891
06/Apr/2022,1547,891
07/Apr/2022,1653,892
08/Apr/2022,1677,898
11/Apr/2022,1730,923
12/Apr/2022,1744,993
13/Apr/2022,1728,1037
14/Apr/2022,1714,1076
15/Apr/2022,1714,1076
18/Apr/2022,1714,1076
19/Apr/2022,1680,1052
20/Apr/2022,1589,1048
21/Apr/2022,1518,1065
22/Apr/2022,1465,1076
25/Apr/2022,1382,1096
26/Apr/2022,1296,1118
27/Apr/2022,1234,1207
28/Apr/2022,1245,1249
29/Apr/2022,1253,1255
02/May/2022,1253,1255
03/May/2022,1233,1287
04/May/2022,1226,1310
05/May/2022,1182,1357
06/May/2022,1162,1398
09/May/2022,1160,1416
10/May/2022,1167,1442
11/May/2022,1155,1439
12/May/2022,1140,1436
13/May/2022,1133,1448
16/May/2022,1125,1444
17/May/2022,1110,1441
18/May/2022,1083,1450
19/May/2022,1101,1469
20/May/2022,1111,1465
23/May/2022,1114,1492
24/May/2022,1119,1491
25/May/2022,1122,1487
26/May/2022,1126,1472
27/May/2022,1128,1459
30/May/2022,1121,1451
31/May/2022,1119,1426
01/Jun/2022,1104,1407
02/Jun/2022,1104,1407
03/Jun/2022,1104,1407
06/Jun/2022,1088,1380
07/Jun/2022,1089,1408
08/Jun/2022,1090,1430
09/Jun/2022,1093,1473
10/Jun/2022,1126,1513
13/Jun/2022,1132,1586
14/Jun/2022,1147,1621
15/Jun/2022,1168,1706
16/Jun/2022,1199,1707
17/Jun/2022,1205,1716
20/Jun/2022,1204,1719
21/Jun/2022,1207,1725
22/Jun/2022,1214,1732
23/Jun/2022,1222,1719
24/Jun/2022,1219,1699
27/Jun/2022,1215,1664
28/Jun/2022,1212,1628
29/Jun/2022,1225,1606
30/Jun/2022,1234,1566
01/Jul/2022,1224,1551
04/Jul/2022,1222,1504
05/Jul/2022,1226,1471
06/Jul/2022,1260,1434
07/Jul/2022,1286,1425
08/Jul/2022,1333,1406
11/Jul/2022,1363,1399
12/Jul/2022,1373,1387
13/Jul/2022,1378,1382
14/Jul/2022,1369,1382
15/Jul/2022,1369,1382
18/Jul/2022,1413,1357
19/Jul/2022,1448,1328
20/Jul/2022,1467,1326
21/Jul/2022,1481,1321
22/Jul/2022,1485,1316
25/Jul/2022,1483,1319
26/Jul/2022,1468,1324
27/Jul/2022,1446,1328
28/Jul/2022,1442,1350
29/Jul/2022,1466,1363
01/Aug/2022,1472,1365
02/Aug/2022,1474,1365
03/Aug/2022,1454,1369
04/Aug/2022,1437,1391
05/Aug/2022,1448,1404
08/Aug/2022,1451,1407
09/Aug/2022,1455,1423
10/Aug/2022,1463,1433
11/Aug/2022,1469,1435
12/Aug/2022,1475,1423
15/Aug/2022,1488,1407
16/Aug/2022,1515,1383
17/Aug/2022,1547,1343
18/Aug/2022,1553,1326
19/Aug/2022,1554,1314
22/Aug/2022,1548,1297
23/Aug/2022,1549,1283
24/Aug/2022,1542,1282
25/Aug/2022,1550,1289
26/Aug/2022,1554,1284
29/Aug/2022,1554,1284
30/Aug/2022,1526,1260
31/Aug/2022,1512,1236
01/Sep/2022,1504,1192
02/Sep/2022,1489,1171
05/Sep/2022,1471,1178
06/Sep/2022,1439,1180
07/Sep/2022,1420,1205
08/Sep/2022,1416,1214
09/Sep/2022,1432,1211
12/Sep/2022,1439,1210
13/Sep/2022,1455,1235
14/Sep/2022,1461,1248
15/Sep/2022,1464,1265
16/Sep/2022,1492,1255
19/Sep/2022,1492,1255
20/Sep/2022,1508,1256
21/Sep/2022,1501,1243
22/Sep/2022,1497,1228
23/Sep/2022,1498,1242
26/Sep/2022,1507,1238
27/Sep/2022,1506,1231
28/Sep/2022,1497,1194
29/Sep/2022,1484,1184
30/Sep/2022,1477,1162
03/Oct/2022,1476,1148
04/Oct/2022,1462,1148
05/Oct/2022,1457,1147
06/Oct/2022,1461,1153
07/Oct/2022,1461,1150
10/Oct/2022,1459,1168
11/Oct/2022,1465,1187
12/Oct/2022,1481,1204
13/Oct/2022,1514,1215
14/Oct/2022,1554,1226
17/Oct/2022,1621,1230
18/Oct/2022,1693,1241
19/Oct/2022,1710,1235
20/Oct/2022,1725,1231
21/Oct/2022,1737,1232
24/Oct/2022,1791,1224
25/Oct/2022,1793,1213
26/Oct/2022,1804,1224
27/Oct/2022,1816,1229
28/Oct/2022,1823,1227
31/Oct/2022,1827,1213
01/Nov/2022,1811,1195
02/Nov/2022,1819,1187
03/Nov/2022,1828,1179
04/Nov/2022,1836,1199
07/Nov/2022,1842,1200
08/Nov/2022,1857,1244
09/Nov/2022,1874,1285
10/Nov/2022,1885,1324
11/Nov/2022,1894,1340
14/Nov/2022,1906,1355
15/Nov/2022,1961,1368
16/Nov/2022,2033,1389
17/Nov/2022,2197,1392
18/Nov/2022,2365,1461
21/Nov/2022,2459,1515
22/Nov/2022,2496,1649
23/Nov/2022,2495,1711
24/Nov/2022,2487,1738
25/Nov/2022,2494,1770
28/Nov/2022,2468,1808
29/Nov/2022,2433,1813
30/Nov/2022,2353,1816
01/Dec/2022,2260,1806
02/Dec/2022,2220,1806
05/Dec/2022,2196,1783
06/Dec/2022,2112,1783
07/Dec/2022,2095,1788
08/Dec/2022,2089,1820
09/Dec/2022,2110,1835
12/Dec/2022,2106,1983
13/Dec/2022,2086,2011
14/Dec/2022,2079,2049
15/Dec/2022,2092,2063
16/Dec/2022,2078,2051
19/Dec/2022,2043,2121
20/Dec/2022,1951,2124
21/Dec/2022,1921,2129
22/Dec/2022,1887,2143
23/Dec/2022,1873,2135
26/Dec/2022,1873,2135
27/Dec/2022,1873,2135
28/Dec/2022,1873,2135
29/Dec/2022,1873,2135
30/Dec/2022,1873,2135
02/Jan/2023,1873,2135
03/Jan/2023,1465,1205
04/Jan/2023,1430,1171
05/Jan/2023,1396,1125
06/Jan/2023,1391,1068
09/Jan/2023,1392,1043
10/Jan/2023,1423,1019
11/Jan/2023,1427,939
12/Jan/2023,1441,870
13/Jan/2023,1445,857
16/Jan/2023,1445,811
17/Jan/2023,1427,801
18/Jan/2023,1421,739
19/Jan/2023,1412,726
20/Jan/2023,1415,715
23/Jan/2023,1411,706
24/Jan/2023,1384,700
25/Jan/2023,1353,682
26/Jan/2023,1336,669
27/Jan/2023,1323,659
30/Jan/2023,1302,648
31/Jan/2023,1275,643
01/Feb/2023,1260,634
02/Feb/2023,1256,626
03/Feb/2023,1239,629
06/Feb/2023,1224,638
07/Feb/2023,1218,663
08/Feb/2023,1213,712
09/Feb/2023,1205,822
10/Feb/2023,1206,875
13/Feb/2023,1204,944
14/Feb/2023,1203,950
15/Feb/2023,1212,999
16/Feb/2023,1244,1063
17/Feb/2023,1261,1084
20/Feb/2023,1278,1059
21/Feb/2023,1306,1056
22/Feb/2023,1304,1013
23/Feb/2023,1324,980
24/Feb/2023,1338,955
27/Feb/2023,1363,888
28/Feb/2023,1414,847
01/Mar/2023,1455,816
02/Mar/2023,1472,803
03/Mar/2023,1483,789
06/Mar/2023,1485,782
07/Mar/2023,1487,784
08/Mar/2023,1495,827
09/Mar/2023,1511,871
10/Mar/2023,1487,905
13/Mar/2023,1478,972
14/Mar/2023,1480,1013
15/Mar/2023,1516,1040
16/Mar/2023,1541,1077
17/Mar/2023,1579,1070
20/Mar/2023,1611,1067
21/Mar/2023,1642,1074
22/Mar/2023,1648,1109
23/Mar/2023,1642,1191
24/Mar/2023,1622,1200
27/Mar/2023,1587,1202
28/Mar/2023,1545,1215
29/Mar/2023,1508,1245
30/Mar/2023,1481,1250
31/Mar/2023,1428,1248
03/Apr/2023,1363,1215
04/Apr/2023,1334,1178
05/Apr/2023,1332,1060
06/Apr/2023,1319,1014
07/Apr/2023,1319,1014
10/Apr/2023,1319,1014
11/Apr/2023,1295,956
12/Apr/2023,1276,912
13/Apr/2023,1256,940
14/Apr/2023,1242,958
17/Apr/2023,1219,989
18/Apr/2023,1197,1041
19/Apr/2023,1174,1040
20/Apr/2023,1146,1014
21/Apr/2023,1146,968
24/Apr/2023,1137,900
25/Apr/2023,1118,842
26/Apr/2023,1068,809
27/Apr/2023,1053,783
28/Apr/2023,1046,752
01/May/2023,1046,752
02/May/2023,1033,763
03/May/2023,1061,758
04/May/2023,1077,719
05/May/2023,1072,694
08/May/2023,1072,694
09/May/2023,1080,661
10/May/2023,1159,651
11/May/2023,1218,637
12/May/2023,1252,633
15/May/2023,1280,626
16/May/2023,1299,593
17/May/2023,1318,589
18/May/2023,1312,587
19/May/2023,1306,585
22/May/2023,1276,591
23/May/2023,1268,640
24/May/2023,1257,667
25/May/2023,1238,671
26/May/2023,1156,670
29/May/2023,1156,670
30/May/2023,1124,672
31/May/2023,1105,674
01/Jun/2023,1091,676
02/Jun/2023,1068,676
05/Jun/2023,1041,657
06/Jun/2023,1036,642
07/Jun/2023,1039,618
08/Jun/2023,1039,616
09/Jun/2023,1049,608
12/Jun/2023,1086,597
13/Jun/2023,1111,577
14/Jun/2023,1140,574
15/Jun/2023,1148,584
16/Jun/2023,1175,590
19/Jun/2023,1184,582
20/Jun/2023,1181,598
21/Jun/2023,1141,603
22/Jun/2023,1103,602
23/Jun/2023,1070,604
26/Jun/2023,1058,611
27/Jun/2023,1046,599
28/Jun/2023,1017,593
29/Jun/2023,1008,603
30/Jun/2023,1014,620
03/Jul/2023,1003,635
04/Jul/2023,988,615
05/Jul/2023,974,609
06/Jul/2023,945,606
07/Jul/2023,934,605
10/Jul/2023,925,608
11/Jul/2023,923,607
12/Jul/2023,921,594
13/Jul/2023,929,578
14/Jul/2023,959,570
17/Jul/2023,970,565
18/Jul/2023,975,563
19/Jul/2023,962,582
20/Jul/2023,947,602
21/Jul/2023,940,610
24/Jul/2023,929,626
25/Jul/2023,910,633
26/Jul/2023,899,655
27/Jul/2023,881,671
28/Jul/2023,873,697
31/Jul/2023,851,704
01/Aug/2023,840,713
02/Aug/2023,821,720
03/Aug/2023,810,716
04/Aug/2023,800,706
07/Aug/2023,798,689
08/Aug/2023,800,686
09/Aug/2023,799,685
10/Aug/2023,799,679
11/Aug/2023,802,670
14/Aug/2023,801,670
15/Aug/2023,798,694
16/Aug/2023,806,713
17/Aug/2023,809,750
18/Aug/2023,803,772
21/Aug/2023,802,779
22/Aug/2023,804,790
23/Aug/2023,802,794
24/Aug/2023,797,801
25/Aug/2023,793,807
28/Aug/2023,793,807
29/Aug/2023,776,843
30/Aug/2023,764,848
31/Aug/2023,752,847
01/Sep/2023,740,837
04/Sep/2023,732,803
05/Sep/2023,728,783
06/Sep/2023,725,758
07/Sep/2023,715,760
08/Sep/2023,713,764
11/Sep/2023,714,763
12/Sep/2023,716,788
13/Sep/2023,722,805
14/Sep/2023,733,852
15/Sep/2023,740,849
18/Sep/2023,742,849
19/Sep/2023,749,847
20/Sep/2023,768,857
21/Sep/2023,776,869
22/Sep/2023,790,868
25/Sep/2023,799,859
26/Sep/2023,810,834
27/Sep/2023,814,824
28/Sep/2023,821,812
29/Sep/2023,827,813
02/Oct/2023,839,811
03/Oct/2023,842,808
04/Oct/2023,846,796
05/Oct/2023,854,775
06/Oct/2023,871,750
09/Oct/2023,881,735
10/Oct/2023,911,737
11/Oct/2023,955,832
12/Oct/2023,1054,803
13/Oct/2023,1149,748
16/Oct/2023,1221,748
17/Oct/2023,1244,755
18/Oct/2023,1272,756
19/Oct/2023,1274,763
20/Oct/2023,1286,774
23/Oct/2023,1316,779
24/Oct/2023,1331,786
25/Oct/2023,1348,789
26/Oct/2023,1372,794
27/Oct/2023,1414,801
30/Oct/2023,1453,793
31/Oct/2023,1483,780
01/Nov/2023,1487,779
02/Nov/2023,1462,768
03/Nov/2023,1465,781
06/Nov/2023,1447,782
07/Nov/2023,1433,799
08/Nov/2023,1424,801
09/Nov/2023,1404,798
10/Nov/2023,1392,786
13/Nov/2023,1373,785
14/Nov/2023,1345,812
15/Nov/2023,1337,808
16/Nov/2023,1336,806
17/Nov/2023,1317,826
20/Nov/2023,1310,862
21/Nov/2023,1263,865
22/Nov/2023,1240,856
23/Nov/2023,1233,845
24/Nov/2023,1233,829
27/Nov/2023,1222,822
28/Nov/2023,1207,831
29/Nov/2023,1192,838
30/Nov/2023,1184,834
01/Dec/2023,1172,833
04/Dec/2023,1171,830
05/Dec/2023,1173,843
06/Dec/2023,1167,852
07/Dec/2023,1145,856
08/Dec/2023,1129,858
11/Dec/2023,1118,860
12/Dec/2023,1103,880
13/Dec/2023,1090,898
14/Dec/2023,1092,914
15/Dec/2023,1103,933
18/Dec/2023,1116,949
19/Dec/2023,1141,945
20/Dec/2023,1181,959
21/Dec/2023,1197,963
22/Dec/2023,1200,960
25/Dec/2023,1200,960
26/Dec/2023,1200,960
27/Dec/2023,1200,960
28/Dec/2023,1200,960
29/Dec/2023,1200,960
01/Jan/2024,1200,960
02/Jan/2024,1258,925
03/Jan/2024,1295,874
04/Jan/2024,1328,829
05/Jan/2024,1384,799
08/Jan/2024,1416,787
09/Jan/2024,1452,779
10/Jan/2024,1457,763
11/Jan/2024,1464,754
12/Jan/2024,1473,741
15/Jan/2024,1522,751
16/Jan/2024,1552,765
17/Jan/2024,1542,819
18/Jan/2024,1500,945
19/Jan/2024,1423,1039
22/Jan/2024,1393,1139
23/Jan/2024,1343,1322
24/Jan/2024,1328,1411
25/Jan/2024,1326,1391
26/Jan/2024,1347,1358
29/Jan/2024,1346,1311
30/Jan/2024,1319,1266
31/Jan/2024,1306,1208
01/Feb/2024,1295,1181
02/Feb/2024,1287,1147
05/Feb/2024,1274,1141
06/Feb/2024,1262,1101
07/Feb/2024,1254,1097
08/Feb/2024,1255,1103
09/Feb/2024,1268,1126
12/Feb/2024,1285,1155
13/Feb/2024,1296,1169
14/Feb/2024,1304,1154
15/Feb/2024,1336,1147
16/Feb/2024,1341,1129
19/Feb/2024,1338,1099
20/Feb/2024,1324,1050
21/Feb/2024,1286,1044
22/Feb/2024,1237,1044
23/Feb/2024,1209,1062
26/Feb/2024,1191,1061
27/Feb/2024,1180,1058
28/Feb/2024,1156,1044
29/Feb/2024,1145,1014
01/Mar/2024,1142,986
04/Mar/2024,1145,964
05/Mar/2024,1190,947
06/Mar/2024,1192,933
07/Mar/2024,1188,931
08/Mar/2024,1186,959
11/Mar/2024,1189,980
12/Mar/2024,1189,1026
13/Mar/2024,1198,1119
14/Mar/2024,1197,1180
15/Mar/2024,1202,1229
18/Mar/2024,1212,1268
19/Mar/2024,1205,1283
20/Mar/2024,1193,1274
21/Mar/2024,1173,1248
22/Mar/2024,1161,1233
25/Mar/2024,1159,1194
26/Mar/2024,1154,1152
27/Mar/2024,1141,1100
28/Mar/2024,1137,1072
29/Mar/2024,1137,1072
01/Apr/2024,1137,1072
02/Apr/2024,1129,1054
03/Apr/2024,1123,1021
04/Apr/2024,1127,982
05/Apr/2024,1122,968
08/Apr/2024,1114,940
09/Apr/2024,1165,913
10/Apr/2024,1195,871
11/Apr/2024,1205,871
12/Apr/2024,1202,879
15/Apr/2024,1194,912
16/Apr/2024,1173,995
17/Apr/2024,1134,1021
18/Apr/2024,1128,1021
19/Apr/2024,1114,1022
22/Apr/2024,1108,979
23/Apr/2024,1088,966
24/Apr/2024,1096,962
25/Apr/2024,1100,954
26/Apr/2024,1112,939
29/Apr/2024,1120,933
30/Apr/2024,1123,926
01/May/2024,1117,926
02/May/2024,1113,926
03/May/2024,1122,931
06/May/2024,1122,931
07/May/2024,1129,955
08/May/2024,1139,988
09/May/2024,1148,1004
10/May/2024,1155,996
13/May/2024,1150,984
14/May/2024,1150,1015
15/May/2024,1153,1054
16/May/2024,1178,1047
17/May/2024,1195,1036
20/May/2024,1205,1022
21/May/2024,1234,1019
22/May/2024,1236,1013
23/May/2024,1231,1015
24/May/2024,1234,1020
27/May/2024,1234,1020
28/May/2024,1240,1068
29/May/2024,1232,1071
30/May/2024,1234,1053
31/May/2024,1241,1023
03/Jun/2024,1237,988
04/Jun/2024,1238,955
05/Jun/2024,1251,930
06/Jun/2024,1246,904
07/Jun/2024,1267,858
10/Jun/2024,1266,846
11/Jun/2024,1265,831
12/Jun/2024,1267,826
13/Jun/2024,1253,831
14/Jun/2024,1240,828
17/Jun/2024,1231,827
18/Jun/2024,1226,819
19/Jun/2024,1224,807
20/Jun/2024,1218,799
21/Jun/2024,1205,795
24/Jun/2024,1190,785
25/Jun/2024,1181,796
26/Jun/2024,1177,809
27/Jun/2024,1161,830
28/Jun/2024,1150,834
01/Jul/2024,1142,833
02/Jul/2024,1127,826
03/Jul/2024,1121,820
04/Jul/2024,1108,819
05/Jul/2024,1102,822
08/Jul/2024,1078,825
09/Jul/2024,1064,819
10/Jul/2024,1059,833
11/Jul/2024,1062,840
12/Jul/2024,1064,849
15/Jul/2024,1057,842
16/Jul/2024,1054,821
17/Jul/2024,1046,818
18/Jul/2024,1044,820
19/Jul/2024,1056,822
22/Jul/2024,1054,822
23/Jul/2024,1055,817
24/Jul/2024,1044,816
25/Jul/2024,1036,814
26/Jul/2024,1023,814
29/Jul/2024,1017,806
30/Jul/2024,1003,796
31/Jul/2024,972,778
01/Aug/2024,960,760
02/Aug/2024,952,755
05/Aug/2024,940,724
06/Aug/2024,935,693
07/Aug/2024,930,665
08/Aug/2024,927,647
09/Aug/2024,922,622
12/Aug/2024,915,605
13/Aug/2024,904,599
14/Aug/2024,903,615
15/Aug/2024,928,619
16/Aug/2024,936,625
19/Aug/2024,940,620
20/Aug/2024,943,615
21/Aug/2024,939,623
22/Aug/2024,925,640
23/Aug/2024,920,652
26/Aug/2024,920,652
27/Aug/2024,911,650
28/Aug/2024,897,626
29/Aug/2024,884,625
30/Aug/2024,881,614
02/Sep/2024,872,592
03/Sep/2024,868,580
04/Sep/2024,864,581
05/Sep/2024,866,581
06/Sep/2024,870,585
09/Sep/2024,880,591
10/Sep/2024,885,605
11/Sep/2024,885,617
12/Sep/2024,883,618
13/Sep/2024,883,632
16/Sep/2024,882,644
17/Sep/2024,888,644
18/Sep/2024,889,644
19/Sep/2024,897,638
20/Sep/2024,894,628
23/Sep/2024,888,601
24/Sep/2024,876,598
25/Sep/2024,865,582
26/Sep/2024,860,572
27/Sep/2024,862,566
30/Sep/2024,863,554
01/Oct/2024,867,537
02/Oct/2024,951,521
03/Oct/2024,1039,508
04/Oct/2024,1060,497
07/Oct/2024,1058,491
08/Oct/2024,1040,508
09/Oct/2024,1024,518
10/Oct/2024,1038,532
11/Oct/2024,1036,535
14/Oct/2024,1038,547
15/Oct/2024,1039,553
16/Oct/2024,1036,561
17/Oct/2024,1037,571
18/Oct/2024,1043,580
21/Oct/2024,1044,580
22/Oct/2024,1054,580
23/Oct/2024,1044,566
24/Oct/2024,1041,558
25/Oct/2024,1036,552
28/Oct/2024,1013,545
29/Oct/2024,992,536
30/Oct/2024,971,528
31/Oct/2024,966,523
01/Nov/2024,957,524
04/Nov/2024,950,509
05/Nov/2024,944,499
06/Nov/2024,931,485
07/Nov/2024,922,478
08/Nov/2024,913,466
11/Nov/2024,910,462
12/Nov/2024,902,460
13/Nov/2024,889,460
14/Nov/2024,889,470
15/Nov/2024,890,477
18/Nov/2024,907,495
19/Nov/2024,924,534
20/Nov/2024,915,564
21/Nov/2024,914,600
22/Nov/2024,908,627
25/Nov/2024,905,705
26/Nov/2024,889,718
27/Nov/2024,895,725
28/Nov/2024,893,685
29/Nov/2024,892,663
02/Dec/2024,890,620
03/Dec/2024,888,587
04/Dec/2024,926,579
05/Dec/2024,944,601
06/Dec/2024,943,625
09/Dec/2024,937,665
10/Dec/2024,932,686
11/Dec/2024,931,687
12/Dec/2024,929,661
13/Dec/2024,921,661
16/Dec/2024,922,658
17/Dec/2024,929,637
18/Dec/2024,918,624
19/Dec/2024,914,627
20/Dec/2024,925,627
23/Dec/2024,929,629
24/Dec/2024,927,625
25/Dec/2024,927,625
26/Dec/2024,927,625
27/Dec/2024,927,625
30/Dec/2024,927,625
31/Dec/2024,927,625
01/Jan/2025,927,625
02/Jan/2025,853,602
03/Jan/2025,841,591
06/Jan/2025,829,585
07/Jan/2025,814,581
08/Jan/2025,805,574
09/Jan/2025,799,606
10/Jan/2025,821,629
13/Jan/2025,855,640
14/Jan/2025,879,708
15/Jan/2025,884,736
16/Jan/2025,912,753
17/Jan/2025,912,756
20/Jan/2025,917,752
21/Jan/2025,902,756
22/Jan/2025,882,762
23/Jan/2025,856,746
24/Jan/2025,845,725
27/Jan/2025,840,690
28/Jan/2025,843,667
29/Jan/2025,850,654
30/Jan/2025,868,653
31/Jan/2025,876,662
03/Feb/2025,881,721
04/Feb/2025,898,715
05/Feb/2025,900,701
06/Feb/2025,903,706
07/Feb/2025,903,700
10/Feb/2025,899,675
11/Feb/2025,892,657
12/Feb/2025,890,637
13/Feb/2025,894,641
14/Feb/2025,910,666
17/Feb/2025,912,706
18/Feb/2025,918,737
19/Feb/2025,925,738
20/Feb/2025,920,724
21/Feb/2025,911,717
24/Feb/2025,900,708
25/Feb/2025,888,705
26/Feb/2025,882,702
27/Feb/2025,880,681
28/Feb/2025,885,670
03/Mar/2025,881,656
04/Mar/2025,884,653
05/Mar/2025,883,656
06/Mar/2025,881,660
07/Mar/2025,879,663
10/Mar/2025,881,671
11/Mar/2025,890,680
12/Mar/2025,911,698
13/Mar/2025,923,735
14/Mar/2025,941,750
17/Mar/2025,946,765
18/Mar/2025,953,787
19/Mar/2025,967,810
20/Mar/2025,979,837
21/Mar/2025,990,848
24/Mar/2025,994,840
25/Mar/2025,1011,839
26/Mar/2025,1069,819
27/Mar/2025,1102,799
28/Mar/2025,1105,789
31/Mar/2025,1107,758
01/Apr/2025,1102,731
02/Apr/2025,1121,696
03/Apr/2025,1111,682
04/Apr/2025,1112,676
07/Apr/2025,1101,676
08/Apr/2025,1106,669
09/Apr/2025,1114,662
10/Apr/2025,1123,664
11/Apr/2025,1132,679
14/Apr/2025,1137,690
15/Apr/2025,1138,687
16/Apr/2025,1138,695
17/Apr/2025,1152,670
18/Apr/2025,1152,670
21/Apr/2025,1152,670
22/Apr/2025,1138,656
23/Apr/2025,1138,669
24/Apr/2025,1142,676
25/Apr/2025,1142,678
28/Apr/2025,1136,665
29/Apr/2025,1127,644
30/Apr/2025,1114,633
01/May/2025,1108,617
02/May/2025,1085,606
05/May/2025,1085,606
06/May/2025,1056,586
07/May/2025,1020,575
08/May/2025,1005,571
09/May/2025,995,573
12/May/2025,991,574
13/May/2025,985,580
14/May/2025,987,588
15/May/2025,988,615
16/May/2025,988,629
19/May/2025,989,640
20/May/2025,989,717
21/May/2025,980,744
22/May/2025,974,746
23/May/2025,962,724
26/May/2025,962,724
27/May/2025,947,712
28/May/2025,929,710
29/May/2025,910,707
30/May/2025,922,698
02/Jun/2025,938,684
03/Jun/2025,952,656
04/Jun/2025,959,633
05/Jun/2025,957,631
06/Jun/2025,951,626
09/Jun/2025,941,616
10/Jun/2025,930,613
11/Jun/2025,922,604
12/Jun/2025,909,600
13/Jun/2025,928,604
16/Jun/2025,987,631
17/Jun/2025,1019,724
18/Jun/2025,1034,727
19/Jun/2025,1040,711
20/Jun/2025,1054,708
23/Jun/2025,1099,720
24/Jun/2025,1109,750
25/Jun/2025,1066,704
26/Jun/2025,1022,676
27/Jun/2025,1002,613
30/Jun/2025,984,586
01/Jul/2025,973,557
02/Jul/2025,961,550
03/Jul/2025,950,534
04/Jul/2025,945,535
07/Jul/2025,935,535
08/Jul/2025,935,534
09/Jul/2025,932,537
10/Jul/2025,931,542
11/Jul/2025,929,546
14/Jul/2025,927,548
15/Jul/2025,927,587
16/Jul/2025,926,622
17/Jul/2025,929,617
18/Jul/2025,925,619
21/Jul/2025,909,621
22/Jul/2025,903,636
23/Jul/2025,899,649
24/Jul/2025,884,642
25/Jul/2025,882,644
28/Jul/2025,881,659
29/Jul/2025,887,674
30/Jul/2025,903,663
31/Jul/2025,921,663
01/Aug/2025,956,652
04/Aug/2025,965,651
05/Aug/2025,979,658
06/Aug/2025,1005,672
07/Aug/2025,1007,682
08/Aug/2025,1011,671
11/Aug/2025,1013,656
12/Aug/2025,1007,636
13/Aug/2025,1017,615
14/Aug/2025,1019,608
15/Aug/2025,1016,605
18/Aug/2025,1015,605
19/Aug/2025,999,612
20/Aug/2025,1010,616
21/Aug/2025,1029,614
22/Aug/2025,1042,618
25/Aug/2025,1042,618
26/Aug/2025,1036,624
27/Aug/2025,1036,622
28/Aug/2025,1043,615
29/Aug/2025,1045,622
01/Sep/2025,1039,627
02/Sep/2025,1041,629
03/Sep/2025,1048,630
04/Sep/2025,1053,634
05/Sep/2025,1066,638
08/Sep/2025,1071,642
09/Sep/2025,1069,649
10/Sep/2025,1071,643
11/Sep/2025,1096,625
12/Sep/2025,1114,614
15/Sep/2025,1128,605
16/Sep/2025,1137,609
17/Sep/2025,1144,609
18/Sep/2025,1147,621
19/Sep/2025,1143,618
22/Sep/2025,1128,620
23/Sep/2025,1123,625
24/Sep/2025,1129,624
25/Sep/2025,1136,630
26/Sep/2025,1148,628
29/Sep/2025,1144,620
30/Sep/2025,1128,602
01/Oct/2025,1104,589
02/Oct/2025,1092,582
03/Oct/2025,1087,579
06/Oct/2025,1093,576
07/Oct/2025,1085,573
08/Oct/2025,1078,572
09/Oct/2025,1079,564
10/Oct/2025,1119,560
13/Oct/2025,1141,551
14/Oct/2025,1152,547
15/Oct/2025,1160,544
16/Oct/2025,1181,549
17/Oct/2025,1207,551
20/Oct/2025,1218,558
21/Oct/2025,1236,573
22/Oct/2025,1226,588
23/Oct/2025,1234,642
24/Oct/2025,1256,635
27/Oct/2025,1271,610
28/Oct/2025,1288,614
29/Oct/2025,1365,613
30/Oct/2025,1430,624
31/Oct/2025,1436,627
03/Nov/2025,1436,647
04/Nov/2025,1414,645
05/Nov/2025,1403,641
06/Nov/2025,1403,642
07/Nov/2025,1401,650
10/Nov/2025,1394,650
11/Nov/2025,1395,655
12/Nov/2025,1407,670
13/Nov/2025,1440,690
14/Nov/2025,1453,702
17/Nov/2025,1456,725
18/Nov/2025,1445,742
19/Nov/2025,1426,761
20/Nov/2025,1443,782
21/Nov/2025,1457,811
24/Nov/2025,1463,849
25/Nov/2025,1468,875
26/Nov/2025,1463,885
27/Nov/2025,1458,874
28/Nov/2025,1452,871
01/Dec/2025,1432,853
02/Dec/2025,1420,821
03/Dec/2025,1407,792
04/Dec/2025,1395,775
05/Dec/2025,1384,769
08/Dec/2025,1380,761
09/Dec/2025,1371,751
10/Dec/2025,1379,746
11/Dec/2025,1392,741
12/Dec/2025,1396,741
15/Dec/2025,1392,743
16/Dec/2025,1389,768
17/Dec/2025,1414,756
18/Dec/2025,1402,754
19/Dec/2025,1401,751
22/Dec/2025,1387,755
23/Dec/2025,1343,759
24/Dec/2025,1319,757
25/Dec/2025,1319,757
26/Dec/2025,1319,757
29/Dec/2025,1319,757
30/Dec/2025,1319,757
31/Dec/2025,1319,757
01/Jan/2026,1319,757
02/Jan/2026,1207,752
05/Jan/2026,1188,746
06/Jan/2026,1181,713
07/Jan/2026,1165,700
08/Jan/2026,1211,709
09/Jan/2026,1259,713
12/Jan/2026,1296,721
13/Jan/2026,1347,777
14/Jan/2026,1410,845
15/Jan/2026,1500,837
16/Jan/2026,1562,830
19/Jan/2026,1598,829
20/Jan/2026,1572,855
21/Jan/2026,1588,849
22/Jan/2026,1619,865
23/Jan/2026,1626,857
26/Jan/2026,1631,890
27/Jan/2026,1646,890
28/Jan/2026,1646,887
29/Jan/2026,1653,893
30/Jan/2026,1702,883
02/Feb/2026,1732,894
03/Feb/2026,1672,901
04/Feb/2026,1678,902
05/Feb/2026,1679,916
06/Feb/2026,1691,917
09/Feb/2026,1710,907
10/Feb/2026,1727,895
11/Feb/2026,1721,893
12/Feb/2026,1713,856
13/Feb/2026,1719,846
16/Feb/2026,1739,829
17/Feb/2026,1747,812
18/Feb/2026,1743,802
19/Feb/2026,1766,808
20/Feb/2026,1787,805
23/Feb/2026,1809,810
24/Feb/2026,1842,829
25/Feb/2026,1885,846
26/Feb/2026,1944,866
27/Feb/2026,1991,906
02/Mar/2026,2322,1124
03/Mar/2026,2866,1395
04/Mar/2026,3002,1784
05/Mar/2026,3083,1654
06/Mar/2026,3069,1592
09/Mar/2026,3040,1585
10/Mar/2026,2924,1579
11/Mar/2026,2835,1553
12/Mar/2026,2684,1471
13/Mar/2026,2586,1463
16/Mar/2026,2849,1455
17/Mar/2026,2850,1461
18/Mar/2026,2743,1510
19/Mar/2026,2842,1549
20/Mar/2026,2962,1616
23/Mar/2026,3120,1748
24/Mar/2026,3572,1833
25/Mar/2026,3618,1892
26/Mar/2026,3716,1936
27/Mar/2026,3737,1947
30/Mar/2026,3723,1930
31/Mar/2026,3705,1966
01/Apr/2026,3678,1994
02/Apr/2026,3639,1969
03/Apr/2026,3639,1969
06/Apr/2026,3639,1969
07/Apr/2026,3498,1972
08/Apr/2026,3593,2023
09/Apr/2026,3658,2084
10/Apr/2026,3561,2106
13/Apr/2026,3422,2146
14/Apr/2026,3275,2147
15/Apr/2026,3111,2135
16/Apr/2026,2975,2121
17/Apr/2026,2831,2123
20/Apr/2026,2907,2163
21/Apr/2026,2865,2202
22/Apr/2026,2854,2198
23/Apr/2026,2837,2201
24/Apr/2026,2812,2197
27/Apr/2026,2811,2178
28/Apr/2026,2834,2102
29/Apr/2026,2795,2034
30/Apr/2026,2767,1997
01/May/2026,2752,2038
04/May/2026,2752,2038
05/May/2026,2841,1952
06/May/2026,2676,1879
