date,containers,bulk
01/Jan/2019,910.81,1271
08/Jan/2019,940.85999,1262
15/Jan/2019,940.08002,1096
22/Jan/2019,968.07001,1036
29/Jan/2019,945.44,797
05/Feb/2019,934.44,629
12/Feb/2019,934.44,598
19/Feb/2019,888.28998,635
26/Feb/2019,847.75,649
05/Mar/2019,803.71002,663
12/Mar/2019,766.91998,647
19/Mar/2019,742.09998,712
26/Mar/2019,727.88,683
02/Apr/2019,793.48999,674
09/Apr/2019,792.25,725
16/Apr/2019,782.46002,749
23/Apr/2019,761.73999,821
30/Apr/2019,778,1011
07/May/2019,778,936
14/May/2019,756.88,1043
21/May/2019,726.22998,1049
28/May/2019,723.92999,1082
04/Jun/2019,782.12,1122
11/Jun/2019,782.12,1105
18/Jun/2019,779.12,1135
25/Jun/2019,764.46002,1280
02/Jul/2019,829.70001,1446
09/Jul/2019,810.90997,1759
16/Jul/2019,817.40997,2011
23/Jul/2019,790.77002,2165
30/Jul/2019,788.92999,1899
06/Aug/2019,830.94,1734
13/Aug/2019,822.09003,1864
20/Aug/2019,803.82001,2059
27/Aug/2019,774.62,2213
03/Sep/2019,819.65002,2501
10/Sep/2019,795.04999,2393
17/Sep/2019,765.78998,2283
24/Sep/2019,734.09003,2116
01/Oct/2019,722.90002,1809
08/Oct/2019,722.90002,1801
15/Oct/2019,715.96997,1898
22/Oct/2019,746.63,1806
29/Oct/2019,774.27002,1802
05/Nov/2019,847.10999,1656
12/Nov/2019,837.98999,1354
19/Nov/2019,797.78003,1304
26/Nov/2019,765.46997,1426
03/Dec/2019,819.63,1606
10/Dec/2019,850.27002,1528
17/Dec/2019,880.44,1281
24/Dec/2019,904.83002,1090
31/Dec/2019,958.57001,1090
07/Jan/2020,1022.72,791
14/Jan/2020,1002.58,763
21/Jan/2020,990.67999,689
28/Jan/2020,981.19,539
04/Feb/2020,981.19,453
11/Feb/2020,981.19,418
18/Feb/2020,910.58002,450
25/Feb/2020,887.71997,508
03/Mar/2020,875.76001,549
10/Mar/2020,871.15997,627
17/Mar/2020,911.84998,612
24/Mar/2020,898.04999,603
31/Mar/2020,889.79999,626
07/Apr/2020,890.37,596
14/Apr/2020,867.82001,679
21/Apr/2020,829.28998,728
28/Apr/2020,818.15997,655
05/May/2020,852.27002,575
12/May/2020,855.07001,433
19/May/2020,854.08002,453
26/May/2020,847.63,506
02/Jun/2020,920.38,546
09/Jun/2020,925.5,714
16/Jun/2020,1015.33,1054
23/Jun/2020,988.82001,1617
30/Jun/2020,1001.33,1799
07/Jul/2020,1055.13,1949
14/Jul/2020,1033.58,1742
21/Jul/2020,1035.61,1594
28/Jul/2020,1022.03,1264
04/Aug/2020,1103.47,1463
11/Aug/2020,1107.39,1510
18/Aug/2020,1167.91,1586
25/Aug/2020,1183.7,1518
01/Sep/2020,1263.26,1471
08/Sep/2020,1320.8,1328
15/Sep/2020,1320.8,1289
22/Sep/2020,1409.5699,1364
29/Sep/2020,1421.75,1658
06/Oct/2020,1443.54,2097
13/Oct/2020,1438.22,1732
20/Oct/2020,1448.87,1350
27/Oct/2020,1469.03,1413
03/Nov/2020,1529.99,1263
10/Nov/2020,1664.5601,1200
17/Nov/2020,1857.33,1112
24/Nov/2020,1938.3199,1178
01/Dec/2020,2048.27,1211
08/Dec/2020,2129.26,1121
15/Dec/2020,2311.71,1273
22/Dec/2020,2411.8201,1330
29/Dec/2020,2641.8701,1366
05/Jan/2021,2641.8701,1418
12/Jan/2021,2870.3401,1849
19/Jan/2021,2885,1766
26/Jan/2021,2868.95,1659
02/Feb/2021,2861.6899,1380
09/Feb/2021,2884.6101,1306
16/Feb/2021,2825.75,1495
23/Feb/2021,2875.9299,1727
02/Mar/2021,2775.29,1673
09/Mar/2021,2775.29,1901
16/Mar/2021,2637.53,2017
23/Mar/2021,2583.8701,2271
30/Mar/2021,2570.6799,2103
06/Apr/2021,2585.4199,2092
13/Apr/2021,2652.1201,2140
20/Apr/2021,2833.4199,2472
27/Apr/2021,2979.76,2889
04/May/2021,3100.74,3157
11/May/2021,3095.1599,3254
18/May/2021,3343.3401,2795
25/May/2021,3432.5,2809
01/Jun/2021,3495.76,2568
08/Jun/2021,3613.0701,2420
15/Jun/2021,3703.9299,3025
22/Jun/2021,3748.3601,3119
29/Jun/2021,3785.3999,3418
06/Jul/2021,3905.1399,3179
13/Jul/2021,3932.3501,3228
20/Jul/2021,4054.4199,3053
27/Jul/2021,4100,3166
03/Aug/2021,4196.2402,3281
10/Aug/2021,4225.8599,3375
17/Aug/2021,4281.5298,3657
24/Aug/2021,4340.1802,4201
31/Aug/2021,4385.6201,4132
07/Sep/2021,4502.6499,3707
14/Sep/2021,4568.1602,4221
21/Sep/2021,4622.5098,4410
28/Sep/2021,4643.79,4962
05/Oct/2021,4614.1001,5409
12/Oct/2021,4647.6001,5378
19/Oct/2021,4588.0698,4714
26/Oct/2021,4583.3901,4056
02/Nov/2021,4567.2798,3187
09/Nov/2021,4535.9199,2805
16/Nov/2021,4554.04,2591
23/Nov/2021,4555.21,2715
30/Nov/2021,4601.9702,3018
07/Dec/2021,4727.0601,3352
14/Dec/2021,4810.98,2932
21/Dec/2021,4894.6201,2294
28/Dec/2021,4956.02,2217
04/Jan/2022,5046.6602,2285
11/Jan/2022,5109.6001,2151
18/Jan/2022,5094.3599,1644
25/Jan/2022,5053.1201,1343
01/Feb/2022,5010.3599,1440
08/Feb/2022,5010.3599,1503
15/Feb/2022,4980.9302,1968
22/Feb/2022,4946.0098,2148
01/Mar/2022,4818.4702,2069
08/Mar/2022,4746.98,2352
15/Mar/2022,4625.0601,2689
22/Mar/2022,4540.3101,2546
29/Mar/2022,4434.0698,2417
05/Apr/2022,4348.71,2213
12/Apr/2022,4263.6602,2035
19/Apr/2022,4228.6499,2115
26/Apr/2022,4195.98,2404
03/May/2022,4177.2998,2412
10/May/2022,4163.7402,2939
17/May/2022,4147.8301,3095
24/May/2022,4162.6899,3253
31/May/2022,4175.3501,2566
07/Jun/2022,4208.0098,2514
14/Jun/2022,4233.3101,2284
21/Jun/2022,4221.96,2484
28/Jun/2022,4216.1299,2204
05/Jul/2022,4203.27,2098
12/Jul/2022,4143.8701,2013
19/Jul/2022,4074.7,2145
26/Jul/2022,3996.77,2061
02/Aug/2022,3887.8501,1817
09/Aug/2022,3739.72,1564
16/Aug/2022,3562.6699,1387
23/Aug/2022,3429.8301,1271
30/Aug/2022,3154.26,1017
06/Sep/2022,2847.6201,1114
13/Sep/2022,2562.1201,1408
20/Sep/2022,2312.6499,1729
27/Sep/2022,2072.04,1807
04/Oct/2022,1922.95,1865
11/Oct/2022,1922.95,1904
18/Oct/2022,1814,1875
25/Oct/2022,1778.6899,1755
01/Nov/2022,1697.65,1377
08/Nov/2022,1579.21,1356
15/Nov/2022,1443.29,1300
22/Nov/2022,1306.84,1149
29/Nov/2022,1229.9,1327
06/Dec/2022,1171.36,1340
13/Dec/2022,1138.09,1357
20/Dec/2022,1123.29,1596
27/Dec/2022,1107.09,1515
03/Jan/2023,1107.55,1250
10/Jan/2023,1061.14,1096
17/Jan/2023,1031.42,921
24/Jan/2023,1029.75,721
31/Jan/2023,1029.75,681
07/Feb/2023,1006.89,601
14/Feb/2023,995.15997,563
21/Feb/2023,974.65997,594
28/Feb/2023,946.67999,990
07/Mar/2023,931.08002,1298
14/Mar/2023,906.54999,1587
21/Mar/2023,909.71997,1512
28/Mar/2023,908.34998,1402
04/Apr/2023,923.78003,1473
11/Apr/2023,956.92999,1507
18/Apr/2023,1033.65,1368
25/Apr/2023,1037.0699,1510
02/May/2023,999.72998,1552
09/May/2023,998.28998,1598
16/May/2023,983.40997,1476
23/May/2023,972.45001,1348
30/May/2023,983.46002,1123
06/Jun/2023,1028.7,1016
13/Jun/2023,979.84998,1074
20/Jun/2023,934.31,1078
27/Jun/2023,924.28998,1183
04/Jul/2023,953.59998,1044
11/Jul/2023,931.72998,1032
18/Jul/2023,979.10999,1037
25/Jul/2023,966.45001,962
01/Aug/2023,1029.23,1150
08/Aug/2023,1039.3199,1142
15/Aug/2023,1043.54,1166
22/Aug/2023,1031,1194
29/Aug/2023,1013.78,1107
05/Sep/2023,1033.67,1063
12/Sep/2023,999.25,1235
19/Sep/2023,941.02002,1526
26/Sep/2023,911.71002,1694
03/Oct/2023,886.84998,1780
10/Oct/2023,886.84998,1983
17/Oct/2023,891.54999,2058
24/Oct/2023,917.65997,1949
31/Oct/2023,1012.6,1459
07/Nov/2023,1067.88,1559
14/Nov/2023,1030.24,1662
21/Nov/2023,999.91998,1796
28/Nov/2023,993.21002,2391
05/Dec/2023,1010.81,3143
12/Dec/2023,1032.21,2551
19/Dec/2023,1093.52,2219
26/Dec/2023,1254.99,2094
02/Jan/2024,1759.5699,2093
09/Jan/2024,1896.65,1875
16/Jan/2024,2206.03,1324
23/Jan/2024,2239.6101,1473
30/Jan/2024,2179.0901,1397
06/Feb/2024,2217.73,1516
13/Feb/2024,2166.3101,1585
20/Feb/2024,2166.3101,1632
27/Feb/2024,2109.9099,1899
05/Mar/2024,1979.12,2291
12/Mar/2024,1885.74,2315
19/Mar/2024,1772.92,2392
26/Mar/2024,1732.5699,1989
02/Apr/2024,1730.98,1714
09/Apr/2024,1745.4301,1570
16/Apr/2024,1757.04,1779
23/Apr/2024,1769.54,1804
30/Apr/2024,1940.63,1685
07/May/2024,1940.63,2083
14/May/2024,2305.79,1993
21/May/2024,2520.76,1829
28/May/2024,2703.4299,1784
04/Jun/2024,3044.77,1813
11/Jun/2024,3184.8701,1831
18/Jun/2024,3379.22,1961
25/Jun/2024,3475.6001,1926
02/Jul/2024,3714.3201,2179
09/Jul/2024,3733.8,1894
16/Jul/2024,3674.8601,1942
23/Jul/2024,3542.4399,1869
30/Jul/2024,3447.8701,1762
06/Aug/2024,3332.6699,1685
13/Aug/2024,3253.8899,1670
20/Aug/2024,3281.3601,1735
27/Aug/2024,3097.6299,1721
03/Sep/2024,2963.3799,1947
10/Sep/2024,2726.5801,1941
17/Sep/2024,2510.95,1901
24/Sep/2024,2366.24,2014
01/Oct/2024,2135.0801,2030
08/Oct/2024,2135.0801,1860
15/Oct/2024,2062.5701,1766
22/Oct/2024,2062.1499,1480
29/Oct/2024,2185.3301,1402
05/Nov/2024,2303.4399,1405
12/Nov/2024,2331.5801,1634
19/Nov/2024,2251.8999,1627
26/Nov/2024,2160.0801,1581
03/Dec/2024,2233.8301,1237
10/Dec/2024,2256.46,1156
17/Dec/2024,2384.3999,1053
24/Dec/2024,2390.1699,997
31/Dec/2024,2460.3401,997
07/Jan/2025,2505.1699,1015
14/Jan/2025,2290.6799,1080
21/Jan/2025,2130.8201,928
28/Jan/2025,2045.45,746
04/Feb/2025,2045.45,753
11/Feb/2025,1896.65,801
18/Feb/2025,1758.8199,841
25/Feb/2025,1595.08,1039
04/Mar/2025,1515.29,1262
11/Mar/2025,1436.3,1436
18/Mar/2025,1319.34,1650
25/Mar/2025,1292.75,1642
01/Apr/2025,1356.88,1587
08/Apr/2025,1392.78,1342
15/Apr/2025,1394.6801,1263
22/Apr/2025,1370.58,1261
29/Apr/2025,1347.84,1398
06/May/2025,1340.9301,1406
13/May/2025,1345.17,1280
20/May/2025,1479.39,1340
27/May/2025,1586.12,1296
03/Jun/2025,2072.71,1430
10/Jun/2025,2240.3501,1680
17/Jun/2025,2088.24,1952
24/Jun/2025,1869.59,1681
01/Jul/2025,1861.51,1458
08/Jul/2025,1763.49,1431
15/Jul/2025,1733.29,1866
22/Jul/2025,1646.9,2035
29/Jul/2025,1592.59,2109
05/Aug/2025,1550.74,1921
12/Aug/2025,1489.6801,2017
19/Aug/2025,1460.1899,1964
26/Aug/2025,1415.36,2041
02/Sep/2025,1445.0601,1986
09/Sep/2025,1444.4399,2079
16/Sep/2025,1398.11,2154
23/Sep/2025,1198.21,2200
30/Sep/2025,1114.52,2134
07/Oct/2025,1114.52,1947
14/Oct/2025,1160.42,2022
21/Oct/2025,1310.3199,2094
28/Oct/2025,1403.46,1950
04/Nov/2025,1550.7,1958
11/Nov/2025,1495.1,2072
18/Nov/2025,1451.38,2216
25/Nov/2025,1393.5601,2309
02/Dec/2025,1403.13,2600
09/Dec/2025,1397.63,2557
16/Dec/2025,1506.46,2204
23/Dec/2025,1552.92,1889
30/Dec/2025,1656.3199,1877
06/Jan/2026,1656.3199,1830
13/Jan/2026,1647.39,1608
20/Jan/2026,1574.12,1729
27/Jan/2026,1457.86,1999
03/Feb/2026,1316.75,2028
10/Feb/2026,1266.5601,1882
17/Feb/2026,1251.46,2095
24/Feb/2026,1251.46,2129
03/Mar/2026,1333.11,2242
10/Mar/2026,1489.1899,1919
17/Mar/2026,1710.35,2024
24/Mar/2026,1706.95,1989
31/Mar/2026,1826.77,1995
07/Apr/2026,1854.96,2095
14/Apr/2026,1890.77,2354
21/Apr/2026,1886.54,2640
28/Apr/2026,1875.26,2677
05/May/2026,1911.4,2832
