date,europe,middleeast,russia
01/Jan/2019,53.139999,53.02,50.610001
02/Jan/2019,55.689999,53.830002,54.099998
03/Jan/2019,54.880001,54.880001,53.869999
04/Jan/2019,56.91,55.580002,56.279999
07/Jan/2019,58.490002,55.91,57.740002
08/Jan/2019,58.310001,57.279999,57.549999
09/Jan/2019,60.66,60.220001,60.099998
10/Jan/2019,61.470001,60.509998,61.110001
11/Jan/2019,60.73,59.5,59.880001
14/Jan/2019,60.290001,58.139999,59.439999
15/Jan/2019,60.02,59.709999,59.290001
16/Jan/2019,61.02,60.349998,60.450001
17/Jan/2019,60.919998,60.380001,60.490002
18/Jan/2019,62.68,62.02,62.68
21/Jan/2019,62.919998,62.040001,62.639999
22/Jan/2019,61.16,60.919998,61.540001
23/Jan/2019,61.130001,60.580002,61.689999
24/Jan/2019,61.040001,60.669998,61.73
25/Jan/2019,61.48,61.299999,62.130001
28/Jan/2019,59.799999,59.689999,60.349998
29/Jan/2019,61.389999,60.900002,61.619999
30/Jan/2019,62.330002,61.490002,62.380001
31/Jan/2019,62.279999,61.740002,62.950001
01/Feb/2019,62.16,62.759998,62.349998
04/Feb/2019,62.43,62.599998,62.75
05/Feb/2019,62.169998,62.049999,62.16
06/Feb/2019,62.709999,62.77,62.360001
07/Feb/2019,61.380001,61.790001,61
08/Feb/2019,61.869999,62.16,61.360001
11/Feb/2019,61.400002,61.610001,61.290001
12/Feb/2019,62.66,62.740002,62.57
13/Feb/2019,63.77,63.939999,63.259998
14/Feb/2019,64.160004,64.980003,63.990002
15/Feb/2019,65.949997,66.269997,65.639999
18/Feb/2019,66.57,66.360001,66.400002
19/Feb/2019,66.139999,66.32,65.849998
20/Feb/2019,67.07,67.220001,66.809998
21/Feb/2019,67.160004,67.43,66.900002
22/Feb/2019,67.260002,67.260002,66.900002
25/Feb/2019,64.879997,64.989998,63.860001
26/Feb/2019,65.370003,65.129997,64.300003
27/Feb/2019,66.550003,66.449997,65.239998
28/Feb/2019,66.029999,66.129997,64.720001
01/Mar/2019,65.220001,65.129997,63.400002
04/Mar/2019,65.889999,65.610001,64.129997
05/Mar/2019,65.800003,66,63.93
06/Mar/2019,65.690002,66.220001,64.199997
07/Mar/2019,66,66.059998,64.510002
08/Mar/2019,65.790001,65.480003,63.32
11/Mar/2019,66.360001,66.959999,64.75
12/Mar/2019,66.699997,66.940002,65.32
13/Mar/2019,67.199997,67.93,65.879997
14/Mar/2019,67.379997,67.269997,66.169998
15/Mar/2019,66.910004,67.239998,66.099998
18/Mar/2019,67.449997,67.279999,66.790001
19/Mar/2019,67.529999,67.589996,67.269997
20/Mar/2019,68.339996,68.379997,68.489998
21/Mar/2019,68.150002,67.589996,68.440002
22/Mar/2019,66.540001,66.93,66.43
25/Mar/2019,67.239998,67.040001,67.510002
26/Mar/2019,67.849998,67.529999,67.650002
27/Mar/2019,68.059998,67.269997,67.489998
28/Mar/2019,67.18,67.150002,66.769997
29/Mar/2019,68.559998,68.400002,68.620003
01/Apr/2019,68.93,68.480003,69.769997
02/Apr/2019,69.529999,68.959999,70.370003
03/Apr/2019,69.160004,68.860001,69.900002
04/Apr/2019,69.739998,69.050003,70.489998
05/Apr/2019,69.879997,69.860001,70.620003
08/Apr/2019,70.970001,70.449997,71.809998
09/Apr/2019,70.809998,69.980003,71.709999
10/Apr/2019,71.529999,70.790001,72.32
11/Apr/2019,71.400002,69.900002,71.989998
12/Apr/2019,71.720001,70.339996,72.160004
15/Apr/2019,71.150002,70.360001,71.489998
16/Apr/2019,71.339996,71.010002,71.330002
17/Apr/2019,71.889999,70.910004,71.730003
18/Apr/2019,71.910004,71.339996,71.300003
19/Apr/2019,71.910004,71.389999,71.300003
22/Apr/2019,71.910004,73.160004,71.300003
23/Apr/2019,72.080002,73.160004,73.910004
24/Apr/2019,74.589996,73.629997,74.839996
25/Apr/2019,75.150002,73.629997,76.089996
26/Apr/2019,71.980003,71.440002,71.93
29/Apr/2019,72.019997,71.650002,72.120003
30/Apr/2019,72.900002,72.370003,73.089996
01/May/2019,71.809998,71.309998,72.910004
02/May/2019,70.209999,70.239998,71.459999
03/May/2019,71.449997,70.029999,72.839996
06/May/2019,71.449997,68.75,72.839996
07/May/2019,70.389999,68.75,71.639999
08/May/2019,70.709999,68.910004,71.989998
09/May/2019,70.910004,68.910004,71.120003
10/May/2019,70.879997,69.379997,72.529999
13/May/2019,71.089996,68.889999,73.25
14/May/2019,71.379997,70.150002,73.43
15/May/2019,72.260002,70.550003,73.989998
16/May/2019,73.349998,71.720001,75.599998
17/May/2019,72.639999,71.190002,74.839996
20/May/2019,72.660004,70.879997,74.110001
21/May/2019,72.160004,70.970001,73.839996
22/May/2019,71.139999,69.589996,72.839996
23/May/2019,67.720001,65.790001,69.269997
24/May/2019,67.82,66.330002,68.870003
27/May/2019,67.82,67.730003,68.870003
28/May/2019,69.790001,67.870003,71.089996
29/May/2019,68.849998,67.120003,71.540001
30/May/2019,67.550003,64.610001,70.449997
31/May/2019,64.93,59.68,67.68
03/Jun/2019,61.5,59.57,62.810001
04/Jun/2019,61.900002,60.040001,63.209999
05/Jun/2019,60.450001,58.25,61.040001
06/Jun/2019,60.790001,59.279999,61.669998
07/Jun/2019,62.900002,60.869999,63
10/Jun/2019,63.16,60.16,63.060001
11/Jun/2019,62.720001,60.240002,62.110001
12/Jun/2019,61.009998,57.830002,60.209999
13/Jun/2019,61.779999,59.369999,61.220001
14/Jun/2019,62.240002,59.639999,61.080002
17/Jun/2019,61.790001,58.669998,60.5
18/Jun/2019,62.549999,59.860001,61.349998
19/Jun/2019,62.099998,59.810001,60.849998
20/Jun/2019,64.260002,62.830002,63.43
21/Jun/2019,65.339996,63.299999,63.990002
24/Jun/2019,64.349998,62.830002,63.16
25/Jun/2019,65.529999,62.799999,64.239998
26/Jun/2019,66.5,64.239998,64.849998
27/Jun/2019,66.43,64.510002,65.330002
28/Jun/2019,66.870003,64.199997,66.269997
01/Jul/2019,65.010002,63.139999,64.150002
02/Jul/2019,63.07,60.700001,61.970001
03/Jul/2019,63.189999,62.009998,62.779999
04/Jul/2019,63.549999,61.369999,62.869999
05/Jul/2019,64.080002,62.68,63.48
08/Jul/2019,64.739998,62.41,64.139999
09/Jul/2019,64.150002,62.66,63.549999
10/Jul/2019,66.160004,65.43,65.660004
11/Jul/2019,67,64.879997,66.889999
12/Jul/2019,66.800003,65.110001,65.889999
15/Jul/2019,66.760002,64.75,66.260002
16/Jul/2019,66.669998,62.599998,65.370003
17/Jul/2019,64.129997,62.18,63.419998
18/Jul/2019,61.82,60.759998,60.450001
19/Jul/2019,62.290001,61.299999,60.889999
22/Jul/2019,63.209999,62.080002,61.91
23/Jul/2019,63.220001,62.669998,62.330002
24/Jul/2019,64.220001,62.459999,63.880001
25/Jul/2019,63.77,62.779999,63.82
26/Jul/2019,63.259998,62.77,63.459999
29/Jul/2019,63.549999,62.950001,63.389999
30/Jul/2019,64.050003,63.759998,63.700001
31/Jul/2019,64.709999,64.349998,64.889999
01/Aug/2019,63.560001,58.91,64.199997
02/Aug/2019,62.07,60.380001,62.470001
05/Aug/2019,60.459999,58.27,60.669998
06/Aug/2019,59.84,57.41,59.98
07/Aug/2019,56.240002,55.189999,59.98
08/Aug/2019,57.540001,56.599998,57.689999
09/Aug/2019,58.619999,57.740002,58.77
12/Aug/2019,58.380001,57.689999,58.529999
13/Aug/2019,60.950001,60.040001,61.299999
14/Aug/2019,58.709999,58.27,58.259998
15/Aug/2019,58.32,57.240002,57.77
16/Aug/2019,58.650002,57.720001,59.400002
19/Aug/2019,59.389999,58.919998,60.740002
20/Aug/2019,59.48,59.360001,60.080002
21/Aug/2019,60.799999,59.860001,61.650002
22/Aug/2019,59.860001,59.470001,60.860001
23/Aug/2019,59.040001,58.639999,59.68
26/Aug/2019,59.040001,57.84,59.689999
27/Aug/2019,58.790001,58.779999,59.490002
28/Aug/2019,60.720001,59.580002,61.470001
29/Aug/2019,60.68,60.290001,61.639999
30/Aug/2019,60.48,58.889999,62.09
02/Sep/2019,58.299999,57.099998,59.599998
03/Sep/2019,57.73,56.419998,57.68
04/Sep/2019,60.48,58.619999,60.419998
05/Sep/2019,62.130001,58.98,62.290001
06/Sep/2019,60.759998,59.790001,60.880001
09/Sep/2019,62.84,60.73,63.59
10/Sep/2019,63.669998,60.5,64.269997
11/Sep/2019,62.220001,58.75,62.619999
12/Sep/2019,60.110001,58.220001,60.360001
13/Sep/2019,60.34,58.32,60.849998
16/Sep/2019,67.82,67.349998,68.019997
17/Sep/2019,65.540001,62.889999,65.190002
18/Sep/2019,64.190002,62.209999,63.889999
19/Sep/2019,64.449997,63.98,63.849998
20/Sep/2019,64.959999,63.709999,64.82
23/Sep/2019,64.389999,63.779999,64.260002
24/Sep/2019,63.880001,62.119999,63.73
25/Sep/2019,62.16,61.66,61.360001
26/Sep/2019,61.830002,61.939999,61.029999
27/Sep/2019,62.380001,61.009998,61.43
30/Sep/2019,60.889999,59.900002,59.939999
01/Oct/2019,59.360001,57.75,59.009998
02/Oct/2019,57.52,56.810001,56.869999
03/Oct/2019,57.360001,56.900002,56.959999
04/Oct/2019,58.509998,57.470001,58.080002
07/Oct/2019,59.34,57.740002,58.41
08/Oct/2019,58.02,57.34,57.09
09/Oct/2019,59.299999,57.299999,58.650002
10/Oct/2019,58.68,58.240002,58.029999
11/Oct/2019,60.490002,60.119999,59.540001
14/Oct/2019,58.91,59.02,57.759998
15/Oct/2019,59.330002,57.959999,58.139999
16/Oct/2019,59.32,58.57,58.25
17/Oct/2019,59,59.200001,58.290001
18/Oct/2019,59.610001,58.709999,58.91
21/Oct/2019,58.669998,58.290001,57.900002
22/Oct/2019,60.200001,58.860001,59.450001
23/Oct/2019,60.310001,60.509998,59.470001
24/Oct/2019,61.549999,60.959999,60.66
25/Oct/2019,61.830002,61.279999,61.91
28/Oct/2019,61.27,60.73,60.240002
29/Oct/2019,61.869999,60.810001,60.900002
30/Oct/2019,60.91,60.060001,60.07
31/Oct/2019,60.209999,59.23,60.150002
01/Nov/2019,60.52,60.09,61.02
04/Nov/2019,62.75,60.299999,60.150002
05/Nov/2019,62.889999,61.02,63.57
06/Nov/2019,62.220001,59.970001,62.959999
07/Nov/2019,62.619999,60.490002,63.450001
08/Nov/2019,62.619999,61.009998,62.849998
11/Nov/2019,62.48,60.700001,63.43
12/Nov/2019,62.459999,60.77,63.040001
13/Nov/2019,62.369999,61.130001,63.119999
14/Nov/2019,62.560001,60.959999,63.119999
15/Nov/2019,63.369999,61.970001,64.169998
18/Nov/2019,62.169998,60.990002,63.669998
19/Nov/2019,60.939999,59.580002,63
20/Nov/2019,62.630001,61.43,64.849998
21/Nov/2019,63.439999,63.09,66.040001
22/Nov/2019,63.279999,62.790001,66.040001
25/Nov/2019,63.549999,62.639999,64.720001
26/Nov/2019,63.919998,63.220001,64.870003
27/Nov/2019,63.720001,63.07,65.480003
28/Nov/2019,63.369999,60.200001,65.480003
29/Nov/2019,62.619999,62.130001,65.150002
02/Dec/2019,61.66,59.689999,63.599998
03/Dec/2019,61.150002,59.77,63.349998
04/Dec/2019,62.889999,61.880001,65.650002
05/Dec/2019,63.73,62.41,66.07
06/Dec/2019,64.290001,63.240002,66.900002
09/Dec/2019,64.400002,63.240002,66.839996
10/Dec/2019,64.529999,63.349998,66.970001
11/Dec/2019,63.470001,62.82,65.769997
12/Dec/2019,64.470001,63.349998,67.07
13/Dec/2019,64.989998,64.639999,67.839996
16/Dec/2019,65.690002,64.75,67.540001
17/Dec/2019,66.129997,65.279999,68.489998
18/Dec/2019,66.18,65.550003,67.540001
19/Dec/2019,66.75,65.879997,69.199997
20/Dec/2019,66.160004,65.589996,68.160004
23/Dec/2019,66.389999,65.940002,66.989998
24/Dec/2019,67.309998,66.580002,68.75
25/Dec/2019,67.309998,66.599998,68.75
26/Dec/2019,67.309998,67.309998,68.760002
27/Dec/2019,68.190002,67.300003,67.410004
30/Dec/2019,68.400002,66.959999,66.800003
31/Dec/2019,66.32,65.839996,66.260002
01/Jan/2020,66.32,65,66.260002
02/Jan/2020,65.949997,65.370003,65.550003
03/Jan/2020,68.059998,67.959999,67.580002
06/Jan/2020,69.089996,68.379997,68.75
07/Jan/2020,68.160004,67.779999,67.239998
08/Jan/2020,66.620003,64.959999,65.809998
09/Jan/2020,65.580002,65.129997,65.080002
10/Jan/2020,65.599998,65.050003,65.269997
13/Jan/2020,64.220001,64.25,62.639999
14/Jan/2020,64.739998,64.360001,62.950001
15/Jan/2020,63.970001,63.810001,61.790001
16/Jan/2020,64.900002,64.150002,63.119999
17/Jan/2020,64.639999,64.169998,62.549999
20/Jan/2020,65.279999,64.449997,63.130001
21/Jan/2020,64.709999,63.939999,62.150002
22/Jan/2020,63.360001,62.939999,60.610001
23/Jan/2020,61.860001,61.619999,59.759998
24/Jan/2020,60.509998,60.130001,57.84
27/Jan/2020,59.119999,58.73,57.029999
28/Jan/2020,59.970001,58.450001,57.869999
29/Jan/2020,60.060001,58.52,57.959999
30/Jan/2020,58.75,56.790001,56.220001
31/Jan/2020,58.23,55.939999,58.369999
03/Feb/2020,54.849998,53.130001,54.599998
04/Feb/2020,55.049999,52.580002,54.5
05/Feb/2020,56.060001,54.68,55.959999
06/Feb/2020,55.150002,54.34,55.779999
07/Feb/2020,55.139999,53.52,54.18
10/Feb/2020,53.779999,52.080002,53.040001
11/Feb/2020,54.220001,52.93,53.849998
12/Feb/2020,55.740002,54.880001,55.389999
13/Feb/2020,56.240002,55.450001,56.189999
14/Feb/2020,57.27,55.950001,57.220001
17/Feb/2020,57.48,56.169998,57.68
18/Feb/2020,57.130001,56,57.200001
19/Feb/2020,59.400002,57.700001,59.57
20/Feb/2020,59.450001,57.709999,59.939999
21/Feb/2020,58.23,56.740002,58.450001
24/Feb/2020,55.709999,54.580002,55.889999
25/Feb/2020,55.759998,53.009998,54.220001
26/Feb/2020,54.75,51.630001,52.509998
27/Feb/2020,51.889999,49.959999,49.740002
28/Feb/2020,50.52,47.93,48.860001
02/Mar/2020,51.689999,50.98,50.07
03/Mar/2020,52.220001,51.369999,49.790001
04/Mar/2020,51.84,50.799999,49.41
05/Mar/2020,51.34,49.860001,48.84
06/Mar/2020,45.560001,44.669998,43.150002
09/Mar/2020,36.529999,32.59,32.880001
10/Mar/2020,36.75,36.209999,33.119999
11/Mar/2020,36.18,34.369999,32.380001
12/Mar/2020,32.77,31.98,28.57
13/Mar/2020,33.349998,33.52,29.799999
16/Mar/2020,29.98,30.129999,25.530001
17/Mar/2020,29.67,29.290001,25.52
18/Mar/2020,25.5,26.889999,19.889999
19/Mar/2020,26.93,28.440001,21.08
20/Mar/2020,27.57,27.32,22.65
23/Mar/2020,27.139999,26.25,18.950001
24/Mar/2020,27.18,27.139999,21.9
25/Mar/2020,27.780001,27.24,21.75
26/Mar/2020,26.549999,26.059999,21.74
27/Mar/2020,24.92,24.870001,17.82
30/Mar/2020,22.790001,23.68,14.42
31/Mar/2020,22.6,23.540001,15.11
01/Apr/2020,24.91,24.190001,10.88
02/Apr/2020,29.870001,29.190001,14.6
03/Apr/2020,34.240002,34.18,18.85
06/Apr/2020,33.27,32.790001,17.540001
07/Apr/2020,31.950001,31.08,19.41
08/Apr/2020,32.91,30.610001,20.57
09/Apr/2020,31.73,28.469999,18.32
10/Apr/2020,31.73,28.82,18.32
13/Apr/2020,31.73,29.549999,18.32
14/Apr/2020,29.719999,26.219999,18.43
15/Apr/2020,27.82,24.65,15.38
16/Apr/2020,27.91,25.700001,14.38
17/Apr/2020,28.200001,26.950001,15.75
20/Apr/2020,25.66,24.41,15.07
21/Apr/2020,16.5,24.41,8.3999996
22/Apr/2020,20.459999,20.66,12.22
23/Apr/2020,21.51,21.879999,14.74
24/Apr/2020,21.52,21.99,14.55
27/Apr/2020,20.200001,21.43,12.95
28/Apr/2020,20.549999,22.08,13.82
29/Apr/2020,22.76,22.690001,16.379999
30/Apr/2020,25.52,24.290001,18.780001
01/May/2020,26.49,26.98,18.809999
04/May/2020,27.35,27.700001,19.690001
05/May/2020,31.059999,30.9,24.83
06/May/2020,29.809999,29.68,24.059999
07/May/2020,29.629999,29.530001,25.92
08/May/2020,29.629999,31.07,25.92
11/May/2020,29.790001,29.700001,26.18
12/May/2020,30.07,29.76,26.959999
13/May/2020,29.25,29.66,28.9
14/May/2020,31.23,32.369999,29.219999
15/May/2020,32.619999,32.939999,30.620001
18/May/2020,34.900002,34.389999,34.529999
19/May/2020,34.759998,34.330002,33.450001
20/May/2020,35.91,35.330002,35.75
21/May/2020,36.23,35.970001,35.779999
22/May/2020,35.209999,35.400002,34.41
25/May/2020,35.209999,35.860001,34.41
26/May/2020,36.299999,36.369999,34.52
27/May/2020,34.73,34.93,34.16
28/May/2020,35.279999,35.75,35.049999
29/May/2020,35.43,36.040001,35.459999
01/Jun/2020,38.439999,37.810001,37.639999
02/Jun/2020,39.700001,38.639999,39.349998
03/Jun/2020,39.880001,38.450001,39.389999
04/Jun/2020,40.110001,39.220001,39.459999
05/Jun/2020,42.330002,41.09,42.790001
08/Jun/2020,40.91,40.119999,41.919998
09/Jun/2020,41.25,40.43,41.720001
10/Jun/2020,41.799999,41.07,42.150002
11/Jun/2020,38.709999,37.869999,39.880001
12/Jun/2020,38.860001,38.169998,40.25
15/Jun/2020,39.84,38.880001,40.490002
16/Jun/2020,40.959999,39.689999,42.049999
17/Jun/2020,40.759998,39.450001,42.220001
18/Jun/2020,41.57,40.73,44.150002
19/Jun/2020,42.310001,41.529999,45.389999
22/Jun/2020,43.150002,42.32,45.43
23/Jun/2020,42.740002,41.91,46.169998
24/Jun/2020,40.380001,40.009998,43.16
25/Jun/2020,41.16,40.91,43.43
26/Jun/2020,41.060001,40.619999,43.169998
29/Jun/2020,41.759998,41.25,43.77
30/Jun/2020,41.25,41.34,44.16
01/Jul/2020,42.080002,41.360001,44.419998
02/Jul/2020,43.189999,42.52,44.82
03/Jul/2020,42.900002,42.09,44.720001
06/Jul/2020,43.130001,42.240002,45.110001
07/Jul/2020,43.18,42.279999,44.619999
08/Jul/2020,43.43,42.77,44.470001
09/Jul/2020,42.5,42.080002,43.419998
10/Jul/2020,43.389999,42.959999,43.970001
13/Jul/2020,42.849998,42.360001,44.98
14/Jul/2020,42.970001,42.540001,44.779999
15/Jul/2020,43.810001,43.279999,45.360001
16/Jul/2020,43.48,42.529999,45.599998
17/Jul/2020,43.23,42.029999,45.130001
20/Jul/2020,43.400002,42.23,44.610001
21/Jul/2020,44.41,43.580002,45.41
22/Jul/2020,44.349998,43.830002,44.119999
23/Jul/2020,43.330002,42.529999,44.450001
24/Jul/2020,43.389999,42.73,43.860001
27/Jul/2020,43.490002,42.68,43.25
28/Jul/2020,43.27,42.439999,43.869999
29/Jul/2020,43.810001,42.849998,44.34
30/Jul/2020,43.07,42.169998,42.919998
31/Jul/2020,43.139999,42.200001,43.57
03/Aug/2020,44.209999,43.330002,44.25
04/Aug/2020,44.48,43.459999,44.330002
05/Aug/2020,45.32,43.970001,46.150002
06/Aug/2020,45.189999,43.779999,45.639999
07/Aug/2020,44.419998,43.130001,44.669998
10/Aug/2020,45.09,43.810001,44.490002
11/Aug/2020,44.66,43.43,44.700001
12/Aug/2020,45.490002,43.959999,44.950001
13/Aug/2020,45.07,43.48,45
14/Aug/2020,44.919998,43.16,44.700001
17/Aug/2020,45.459999,43.849998,44.580002
18/Aug/2020,45.52,44.07,45.169998
19/Aug/2020,45.389999,43.919998,45.09
20/Aug/2020,44.959999,43.720001,44.41
21/Aug/2020,44.41,43.459999,43.389999
24/Aug/2020,45.169998,44.349998,44.18
25/Aug/2020,45.889999,45.029999,46.060001
26/Aug/2020,45.68,44.810001,45.790001
27/Aug/2020,45.139999,44.369999,44.59
28/Aug/2020,45.119999,44.57,45.099998
31/Aug/2020,45.119999,44.599998,45.099998
01/Sep/2020,45.630001,44.93,45.779999
02/Sep/2020,44.509998,43.77,44.779999
03/Sep/2020,44.119999,43.369999,41.84
04/Sep/2020,42.630001,42.060001,41.200001
07/Sep/2020,42.119999,41.369999,40.529999
08/Sep/2020,39.860001,39.02,38.470001
09/Sep/2020,40.830002,39.860001,39.849998
10/Sep/2020,40.119999,39.16,39.549999
11/Sep/2020,39.869999,38.950001,38.98
14/Sep/2020,39.639999,38.709999,38.439999
15/Sep/2020,40.610001,39.950001,39.009998
16/Sep/2020,42.299999,41.810001,40.779999
17/Sep/2020,43.389999,42.950001,42.240002
18/Sep/2020,43.200001,42.84,42.279999
21/Sep/2020,41.48,41.119999,40.029999
22/Sep/2020,41.790001,41.490002,40.849998
23/Sep/2020,41.830002,41.48,41.349998
24/Sep/2020,41.98,41.759998,40.860001
25/Sep/2020,41.959999,41.790001,41.139999
28/Sep/2020,42.509998,42.209999,41.689999
29/Sep/2020,41.02,40.580002,40.66
30/Sep/2020,40.990002,41.029999,40.490002
01/Oct/2020,41,40.060001,39.439999
02/Oct/2020,39.349998,38.459999,38.799999
05/Oct/2020,41.400002,40.75,39.919998
06/Oct/2020,42.759998,41.990002,41.009998
07/Oct/2020,42.09,41.290001,40.25
08/Oct/2020,43.419998,42.549999,41.610001
09/Oct/2020,42.950001,42.080002,41.98
12/Oct/2020,41.759998,40.970001,40.549999
13/Oct/2020,42.52,41.73,41.389999
14/Oct/2020,43.380001,42.43,41.700001
15/Oct/2020,43.259998,42.389999,41.02
16/Oct/2020,42.98,41.93,41.529999
19/Oct/2020,42.700001,41.799999,41.77
20/Oct/2020,43.220001,42.400002,40.990002
21/Oct/2020,41.810001,40.939999,40.27
22/Oct/2020,42.529999,41.689999,41.68
23/Oct/2020,41.84,41.110001,41.41
26/Oct/2020,40.509998,39.810001,39.84
27/Oct/2020,41.25,40.52,40.580002
28/Oct/2020,39.220001,38.66,38.689999
29/Oct/2020,37.860001,37.529999,36.98
30/Oct/2020,37.540001,36.830002,37.119999
02/Nov/2020,39.049999,38.389999,37.240002
03/Nov/2020,39.77,39.279999,38.790001
04/Nov/2020,41.330002,40.790001,39.939999
05/Nov/2020,40.959999,40.349998,40.25
06/Nov/2020,39.560001,38.98,39.130001
09/Nov/2020,42.43,41.75,42
10/Nov/2020,43.700001,43.029999,42.5
11/Nov/2020,43.849998,43.330002,43.91
12/Nov/2020,43.560001,43.080002,43.389999
13/Nov/2020,42.830002,42.34,42.509998
16/Nov/2020,43.860001,43.279999,43.799999
17/Nov/2020,43.830002,43.43,42.860001
18/Nov/2020,44.43,43.830002,43.810001
19/Nov/2020,44.27,43.900002,43.639999
20/Nov/2020,45.029999,44.57,44.060001
23/Nov/2020,46.150002,45.490002,45.549999
24/Nov/2020,47.919998,47.169998,47.48
25/Nov/2020,48.700001,48.009998,47.630001
26/Nov/2020,47.790001,47.279999,47.169998
27/Nov/2020,48.330002,47.810001,47.59
30/Nov/2020,47.700001,46.860001,46.919998
01/Dec/2020,47.52,46.700001,47.91
02/Dec/2020,48.349998,47.419998,48.700001
03/Dec/2020,48.82,47.810001,49.130001
04/Dec/2020,49.349998,48.279999,49.880001
07/Dec/2020,48.880001,47.98,49.049999
08/Dec/2020,48.990002,48.080002,49.009998
09/Dec/2020,48.939999,48.130001,48.84
10/Dec/2020,50.349998,49.450001,51.099998
11/Dec/2020,50.080002,49.32,50.189999
14/Dec/2020,50.419998,49.740002,49.68
15/Dec/2020,50.810001,50.220001,50.919998
16/Dec/2020,51.18,50.599998,50.57
17/Dec/2020,51.580002,50.830002,51.25
18/Dec/2020,52.290001,51.669998,52.200001
21/Dec/2020,51.009998,50.470001,50.02
22/Dec/2020,50.150002,49.630001,50.299999
23/Dec/2020,51.240002,50.669998,51.360001
24/Dec/2020,51.380001,50.799999,50.689999
25/Dec/2020,51.380001,50.799999,50.689999
28/Dec/2020,51.380001,50.330002,50.689999
29/Dec/2020,51.189999,50.490002,50.810001
30/Dec/2020,51.490002,50.799999,50.639999
31/Dec/2020,51.889999,51.200001,50.970001
01/Jan/2021,51.889999,51.200001,50.970001
04/Jan/2021,51.150002,50.549999,50.369999
05/Jan/2021,53.66,52.970001,52.66
06/Jan/2021,54.299999,53.830002,54.360001
07/Jan/2021,54.450001,54.119999,54.080002
08/Jan/2021,56.060001,55.529999,55.119999
11/Jan/2021,55.68,55.209999,54.950001
12/Jan/2021,56.669998,56.09,56.09
13/Jan/2021,56.169998,55.490002,55.900002
14/Jan/2021,56.490002,55.82,55.16
15/Jan/2021,55.200001,54.610001,54.73
18/Jan/2021,54.790001,54.220001,54.599998
19/Jan/2021,55.959999,55.540001,55.630001
20/Jan/2021,56.18,55.720001,56.080002
21/Jan/2021,56.200001,55.740002,55.669998
22/Jan/2021,55.57,55.150002,55.209999
25/Jan/2021,55.939999,55.450001,55.029999
26/Jan/2021,55.970001,55.380001,55.759998
27/Jan/2021,55.869999,55.18,56.09
28/Jan/2021,55.57,54.799999,55.52
29/Jan/2021,55.950001,54.98,55.810001
01/Feb/2021,56.470001,55.900002,56.450001
02/Feb/2021,57.540001,57.110001,57.91
03/Feb/2021,58.57,57.970001,58.709999
04/Feb/2021,58.93,58.41,58.650002
05/Feb/2021,59.470001,59.009998,59.700001
08/Feb/2021,60.669998,60.279999,59.68
09/Feb/2021,61.189999,60.540001,59.759998
10/Feb/2021,61.560001,60.860001,60.639999
11/Feb/2021,61.200001,60.560001,60.779999
12/Feb/2021,62.57,61.700001,60.860001
15/Feb/2021,63.279999,62.330002,62.950001
16/Feb/2021,63.490002,62.57,62.560001
17/Feb/2021,64.43,63.240002,63.360001
18/Feb/2021,63.990002,62.400002,63.560001
19/Feb/2021,62.939999,61.119999,62.5
22/Feb/2021,65.349998,63.41,62.950001
23/Feb/2021,65.459999,63.299999,64.029999
24/Feb/2021,67.150002,65.080002,65.559998
25/Feb/2021,66.910004,65.040001,66
26/Feb/2021,66.080002,64.18,64.919998
01/Mar/2021,65,62.330002,64.550003
02/Mar/2021,62.869999,61.290001,62.689999
03/Mar/2021,64.25,62.709999,63.439999
04/Mar/2021,66.870003,65.370003,66.43
05/Mar/2021,69.5,67.879997,68.07
08/Mar/2021,68.349998,66.589996,67.400002
09/Mar/2021,67.620003,65.809998,65.860001
10/Mar/2021,68.029999,66.160004,65.449997
11/Mar/2021,69.730003,67.860001,67.900002
12/Mar/2021,69.32,67.690002,67.610001
15/Mar/2021,68.980003,67.309998,66.910004
16/Mar/2021,68.449997,66.730003,66.050003
17/Mar/2021,68.199997,66.290001,65.639999
18/Mar/2021,62.450001,60.900002,63.330002
19/Mar/2021,64.790001,63.419998,62.09
22/Mar/2021,64.610001,63.52,62.290001
23/Mar/2021,60.68,59.639999,60.209999
24/Mar/2021,64.309998,63.040001,62.16
25/Mar/2021,61.759998,60.529999,59.889999
26/Mar/2021,64.589996,63.450001,62.349998
29/Mar/2021,65.139999,64,61.740002
30/Mar/2021,64.290001,63.200001,62.049999
31/Mar/2021,63.52,62.900002,61.630001
01/Apr/2021,64.980003,63.119999,60.349998
02/Apr/2021,64.980003,63.119999,60.349998
05/Apr/2021,64.980003,60.189999,60.349998
06/Apr/2021,62.869999,60.68,60.25
07/Apr/2021,63.259998,61.09,58.75
08/Apr/2021,63.34,61.189999,59.720001
09/Apr/2021,63.060001,60.810001,60.049999
12/Apr/2021,63.380001,61.119999,60.669998
13/Apr/2021,63.830002,61.52,61.02
14/Apr/2021,66.690002,64.489998,63.779999
15/Apr/2021,67.010002,64.919998,63.740002
16/Apr/2021,66.900002,64.93,63.93
19/Apr/2021,67.089996,65.010002,64.379997
20/Apr/2021,66.720001,64.440002,62.439999
21/Apr/2021,65.400002,62.919998,62.549999
22/Apr/2021,65.519997,63.02,63.110001
23/Apr/2021,66.199997,63.540001,63.610001
26/Apr/2021,65.800003,63.049999,63.52
27/Apr/2021,66.550003,63.959999,63.66
28/Apr/2021,67.300003,64.970001,65.43
29/Apr/2021,68.639999,66.199997,65.940002
30/Apr/2021,67.360001,64.540001,65.68
03/May/2021,67.360001,65,65.68
04/May/2021,69.019997,66.540001,67.209999
05/May/2021,69.040001,66.830002,68.43
06/May/2021,68.150002,65.879997,67.120003
07/May/2021,68.379997,66.120003,66.660004
10/May/2021,68.389999,66.18,66.43
11/May/2021,68.660004,66.260002,66.709999
12/May/2021,69.290001,67.010002,68.529999
13/May/2021,67.110001,67.010002,66.309998
14/May/2021,68.739998,66.519997,67.510002
17/May/2021,69.470001,67.379997,67.910004
18/May/2021,68.839996,66.599998,68.059998
19/May/2021,66.720001,64.82,64.82
20/May/2021,65.129997,63.02,64.860001
21/May/2021,66.510002,64.449997,65.25
24/May/2021,68.489998,66.639999,66.629997
25/May/2021,68.709999,66.870003,67.019997
26/May/2021,68.919998,66.870003,67.269997
27/May/2021,69.529999,67.720001,67.349998
28/May/2021,69.709999,67.809998,67.730003
31/May/2021,69.709999,67.82,67.730003
01/Jun/2021,70.379997,68.160004,68.800003
02/Jun/2021,71.440002,69.099998,68.900002
03/Jun/2021,71.410004,69.059998,68.870003
04/Jun/2021,72,69.790001,69.790001
07/Jun/2021,71.639999,69.540001,69.57
08/Jun/2021,72.360001,70.209999,68.900002
09/Jun/2021,72.279999,70.150002,69.5
10/Jun/2021,72.650002,70.589996,69.660004
11/Jun/2021,72.879997,70.720001,70.010002
14/Jun/2021,72.980003,71,70.730003
15/Jun/2021,74.029999,72.089996,71.209999
16/Jun/2021,74.379997,72.239998,72.540001
17/Jun/2021,73.169998,70.949997,71.019997
18/Jun/2021,73.599998,71.389999,71.220001
21/Jun/2021,74.989998,72.540001,71.989998
22/Jun/2021,74.889999,72.559998,72.919998
23/Jun/2021,75.279999,73.050003,73.760002
24/Jun/2021,75.650002,73.339996,73.809998
25/Jun/2021,76.279999,73.839996,74.209999
28/Jun/2021,74.730003,72.449997,73.379997
29/Jun/2021,75.029999,72.550003,73.43
30/Jun/2021,75.25,73.360001,74.910004
01/Jul/2021,75.900002,73.32,74.660004
02/Jul/2021,76.32,73.830002,74.849998
05/Jul/2021,77.220001,74.610001,75.480003
06/Jul/2021,74.690002,72.150002,73.470001
07/Jul/2021,73.489998,70.830002,71.349998
08/Jul/2021,74.25,71.650002,71.949997
09/Jul/2021,75.639999,73.379997,74.809998
12/Jul/2021,75.269997,73.050003,74.279999
13/Jul/2021,76.580002,74.419998,74.339996
14/Jul/2021,74.82,72.720001,74.589996
15/Jul/2021,73.589996,71.370003,72.949997
16/Jul/2021,73.669998,71.5,71.989998
19/Jul/2021,68.730003,66.519997,67.290001
20/Jul/2021,69.510002,66.519997,67.25
21/Jul/2021,72.339996,70.370003,69.610001
22/Jul/2021,73.830002,70.370003,70.660004
23/Jul/2021,74.25,72.849998,71.959999
26/Jul/2021,74.690002,73.089996,71.790001
27/Jul/2021,74.620003,72.790001,72.370003
28/Jul/2021,74.839996,72.910004,72.440002
29/Jul/2021,76.150002,74.379997,73.230003
30/Jul/2021,76.470001,74.379997,73.970001
02/Aug/2021,73.059998,70.800003,71.43
03/Aug/2021,72.540001,70.150002,70.599998
04/Aug/2021,70.540001,68.410004,70.139999
05/Aug/2021,71.440002,69.309998,69.75
06/Aug/2021,70.669998,69.309998,69.169998
09/Aug/2021,69.199997,69.309998,66.790001
10/Aug/2021,70.790001,68.730003,68.82
11/Aug/2021,71.639999,68.720001,68.040001
12/Aug/2021,71.470001,69.739998,69.110001
13/Aug/2021,70.650002,68.980003,68.849998
16/Aug/2021,69.769997,68.209999,67.099998
17/Aug/2021,69.099998,67.559998,67.290001
18/Aug/2021,68.32,66.5,66.75
19/Aug/2021,66.559998,64.699997,63.279999
20/Aug/2021,65.269997,63.619999,63.43
23/Aug/2021,68.830002,67.160004,66.099998
24/Aug/2021,71.120003,69.269997,67.989998
25/Aug/2021,72.349998,70.169998,68.769997
26/Aug/2021,71.18,68.849998,68.129997
27/Aug/2021,72.730003,70.580002,69.220001
30/Aug/2021,72.730003,71.309998,69.220001
31/Aug/2021,73.019997,70.699997,70.879997
01/Sep/2021,71.690002,69.879997,68.68
02/Sep/2021,73.139999,71.220001,71.43
03/Sep/2021,72.720001,70.800003,70.940002
06/Sep/2021,72.099998,70.800003,70.029999
07/Sep/2021,71.870003,69.75,69.330002
08/Sep/2021,72.709999,70.610001,71.239998
09/Sep/2021,71.620003,69.589996,71.379997
10/Sep/2021,73.040001,71.129997,71.150002
13/Sep/2021,73.639999,71.129997,71.849998
14/Sep/2021,73.720001,71.769997,72.050003
15/Sep/2021,75.489998,73.360001,74.089996
16/Sep/2021,75.790001,73.519997,72.379997
17/Sep/2021,75.5,73.339996,72.209999
20/Sep/2021,74.290001,71.889999,71.860001
21/Sep/2021,74.709999,71.889999,71.269997
22/Sep/2021,76.349998,74.279999,72.910004
23/Sep/2021,75.32,74.870003,74.339996
24/Sep/2021,75.230003,75.709999,75.160004
27/Sep/2021,79.540001,77.209999,77.010002
28/Sep/2021,78.720001,74.790001,76.480003
29/Sep/2021,78.739998,76.370003,76.099998
30/Sep/2021,78.559998,76.769997,75.860001
01/Oct/2021,79.32,76.610001,76.669998
04/Oct/2021,81.360001,78.309998,79.699997
05/Oct/2021,82.639999,79.889999,81.190002
06/Oct/2021,81.239998,78.75,79.440002
07/Oct/2021,82.489998,79.75,80.279999
08/Oct/2021,82.519997,79.93,80.879997
11/Oct/2021,83.739998,81.25,82.199997
12/Oct/2021,83.529999,81.050003,81.540001
13/Oct/2021,83.330002,80.870003,81.349998
14/Oct/2021,84.129997,81.790001,81.300003
15/Oct/2021,84.980003,82.699997,82.660004
18/Oct/2021,84.43,82.160004,82.239998
19/Oct/2021,85.220001,82.910004,82.800003
20/Oct/2021,85.959999,83.580002,83.209999
21/Oct/2021,84.730003,82.330002,81.589996
22/Oct/2021,85.629997,83.190002,82.93
25/Oct/2021,86.050003,83.779999,83.449997
26/Oct/2021,86.459999,84.220001,83.779999
27/Oct/2021,84.639999,82.559998,83.099998
28/Oct/2021,84.400002,82.239998,81.510002
29/Oct/2021,84.389999,82.309998,82.099998
01/Nov/2021,84.660004,81.220001,83.099998
02/Nov/2021,84.57,81.989998,83.050003
03/Nov/2021,81.519997,79.309998,80.519997
04/Nov/2021,80.699997,79.309998,80.239998
05/Nov/2021,82.93,80.580002,81.099998
08/Nov/2021,83.57,80.529999,82.029999
09/Nov/2021,84.870003,81.989998,82.5
10/Nov/2021,82.68,80.029999,82.690002
11/Nov/2021,82.889999,80.580002,81.379997
12/Nov/2021,82.389999,80.089996,81.230003
15/Nov/2021,82.099998,79.830002,79.57
16/Nov/2021,82.559998,80.360001,81.160004
17/Nov/2021,80.379997,78.129997,80.269997
18/Nov/2021,81.32,79,80.43
19/Nov/2021,79.029999,77.040001,78.18
22/Nov/2021,79.769997,77.720001,79.75
23/Nov/2021,82.290001,80.449997,81.510002
24/Nov/2021,82.349998,80.489998,81.370003
25/Nov/2021,82.349998,80.230003,80.449997
26/Nov/2021,72.940002,70.809998,71.599998
29/Nov/2021,73.349998,71.550003,73.349998
30/Nov/2021,70.370003,69.230003,69.339996
01/Dec/2021,69.040001,66.910004,70.550003
02/Dec/2021,69.93,67.690002,68.970001
03/Dec/2021,70.080002,67.599998,70.480003
06/Dec/2021,73.25,70.879997,70.650002
07/Dec/2021,75.470001,73.190002,74.510002
08/Dec/2021,75.970001,73.690002,74.419998
09/Dec/2021,74.480003,72.099998,73.550003
10/Dec/2021,75.330002,72.889999,72.910004
13/Dec/2021,74.470001,71.959999,72.970001
14/Dec/2021,73.669998,71.360001,71.949997
15/Dec/2021,74.010002,71.800003,71.230003
16/Dec/2021,75.150002,73.209999,73.370003
17/Dec/2021,73.599998,71.860001,71.610001
20/Dec/2021,71.709999,69.970001,67.279999
21/Dec/2021,74.050003,72.290001,70.809998
22/Dec/2021,75.389999,73.639999,72.410004
23/Dec/2021,76.959999,75.150002,74.059998
24/Dec/2021,75.959999,75.150002,73.459999
27/Dec/2021,75.959999,76.559998,73.459999
28/Dec/2021,75.959999,76.809998,73.459999
29/Dec/2021,79.379997,77.300003,76.209999
30/Dec/2021,79.379997,77.449997,76.860001
31/Dec/2021,78.400002,76.040001,76.800003
03/Jan/2022,78.980003,76.730003,76.610001
04/Jan/2022,80.089996,77.949997,77.620003
05/Jan/2022,80.879997,78.589996,79.57
06/Jan/2022,82.040001,79.629997,80.889999
07/Jan/2022,81.879997,79.459999,81.029999
10/Jan/2022,80.860001,78.57,80.559998
11/Jan/2022,83.779999,81.349998,83.139999
12/Jan/2022,84.620003,82.290001,84.57
13/Jan/2022,84.400002,82.190002,84.489998
14/Jan/2022,86.169998,84.160004,85.190002
17/Jan/2022,86.620003,84.580002,87.139999
18/Jan/2022,87.629997,85.760002,87.879997
19/Jan/2022,88.389999,86.379997,89.610001
20/Jan/2022,88.379997,86.419998,90.089996
21/Jan/2022,87.949997,86.059998,89.080002
24/Jan/2022,86.339996,84.489998,86.980003
25/Jan/2022,88.290001,86.309998,88.589996
26/Jan/2022,90.019997,87.900002,91.730003
27/Jan/2022,89.43,87.309998,91.400002
28/Jan/2022,89.970001,87.940002,92.779999
31/Jan/2022,91.349998,88.400002,92.040001
01/Feb/2022,89.239998,88.400002,90.470001
02/Feb/2022,89.580002,88.400002,89.650002
03/Feb/2022,91.139999,88.410004,90.860001
04/Feb/2022,93.360001,90.699997,96.260002
07/Feb/2022,92.779999,90.169998,96.900002
08/Feb/2022,91,88.43,94.57
09/Feb/2022,91.650002,89.199997,94.510002
10/Feb/2022,91.470001,89.160004,95.339996
11/Feb/2022,94.599998,92.370003,93.709999
14/Feb/2022,96.610001,93.980003,97.589996
15/Feb/2022,93.379997,90.769997,95.540001
16/Feb/2022,95.080002,92.169998,95.830002
17/Feb/2022,93.169998,89.489998,91.879997
18/Feb/2022,93.32,90.93,92.779999
21/Feb/2022,96.75,94.089996,95.550003
22/Feb/2022,96.910004,93.93,94.43
23/Feb/2022,96.989998,93.57,94.989998
24/Feb/2022,99.089996,93.949997,94.989998
25/Feb/2022,97.989998,94.360001,91.849998
28/Feb/2022,101.23,98.019997,94.279999
01/Mar/2022,105.04,99.93,98.290001
02/Mar/2022,113.25,107.28,101.9
03/Mar/2022,110.62,103.47,98.769997
04/Mar/2022,118.31,112.21,94.5
07/Mar/2022,123.12,115.88,105.23
08/Mar/2022,128.14999,121.43,111.01
09/Mar/2022,111.84,105.55,101.88
10/Mar/2022,109.45,103.41,93.730003
11/Mar/2022,112.71,107.76,91.730003
14/Mar/2022,105.31,99.959999,85.029999
15/Mar/2022,99.260002,94.989998,82.099998
16/Mar/2022,98.309998,94.519997,80.769997
17/Mar/2022,107.06,103.01,87.769997
18/Mar/2022,107.79,104.1,88.440002
21/Mar/2022,116.67,112.56,95.300003
22/Mar/2022,115.41,110.92,95.510002
23/Mar/2022,121.77,116.57,101.81
24/Mar/2022,118.23,113.79,99.889999
25/Mar/2022,119.92,116.29,97.809998
28/Mar/2022,112.45,108.73,90.239998
29/Mar/2022,110.45,105.32,86.919998
30/Mar/2022,113.54,110.41,90.449997
31/Mar/2022,107.46,106.43,82.910004
01/Apr/2022,104.53,99.589996,81.830002
04/Apr/2022,107.6,102.39,79.720001
05/Apr/2022,106.75,101.33,78.07
06/Apr/2022,101.29,95.93,75.040001
07/Apr/2022,100.79,96.040001,69.800003
08/Apr/2022,102.71,98.110001,70.889999
11/Apr/2022,98.669998,94.339996,69.529999
12/Apr/2022,104.69,101.12,76.150002
13/Apr/2022,108.99,105.27,77.540001
14/Apr/2022,111.83,108.36,78.150002
15/Apr/2022,111.83,108.36,78.150002
18/Apr/2022,111.83,109.25,78.150002
19/Apr/2022,107.34,103.91,76.610001
20/Apr/2022,106.93,104.48,76.279999
21/Apr/2022,108.57,106.09,78.010002
22/Apr/2022,106.63,104.18,76.400002
25/Apr/2022,102.22,99.739998,67.910004
26/Apr/2022,105.08,102.83,73.010002
27/Apr/2022,105.33,103.21,73.379997
28/Apr/2022,107.83,105.82,75.68
29/Apr/2022,107.83,107.51,79.410004
02/May/2022,107.83,107.51,79.410004
03/May/2022,105.17,107.51,76.989998
04/May/2022,110.33,106.1,79.940002
05/May/2022,110.98,106.55,83.510002
06/May/2022,112.61,107.99,85.709999
09/May/2022,106.07,101.48,78.080002
10/May/2022,102.51,98.050003,75.239998
11/May/2022,107.43,103.34,78.709999
12/May/2022,107.67,103.71,79.68
13/May/2022,111.71,107.67,82.32
16/May/2022,114.26,110.3,84.129997
17/May/2022,112.23,107.91,86.75
18/May/2022,109.38,105.29,81.610001
19/May/2022,112.22,108.1,82.220001
20/May/2022,112.69,108.65,84.449997
23/May/2022,113.57,109.23,86.129997
24/May/2022,113.79,109.14,86.839996
25/May/2022,114.25,109.27,87.129997
26/May/2022,117.41,111.94,90.709999
27/May/2022,119.54,113.35,90.75
30/May/2022,121.87,115.6,92.830002
31/May/2022,122.98,114.26,98.029999
01/Jun/2022,116.47,109.85,94.529999
02/Jun/2022,119.66,111.12,96.5
03/Jun/2022,119.95,113.42,96.730003
06/Jun/2022,119.56,113.18,95.940002
07/Jun/2022,120.83,114.43,97.529999
08/Jun/2022,123.65,117.35,99.230003
09/Jun/2022,123.11,117.07,100.2
10/Jun/2022,122.07,116.14,97.790001
13/Jun/2022,122.39,116.43,98.010002
14/Jun/2022,121.08,115.09,101.75
15/Jun/2022,118.55,112.51,98.239998
16/Jun/2022,120.15,114.62,94.82
17/Jun/2022,113.16,107.97,91.349998
20/Jun/2022,114.34,109.15,88.910004
21/Jun/2022,114.73,109.53,89.629997
22/Jun/2022,111.72,106.59,85.82
23/Jun/2022,110.14,104.82,86.730003
24/Jun/2022,113.2,107.9,89.199997
27/Jun/2022,115.34,110.13,90.620003
28/Jun/2022,118.06,112.56,92.339996
29/Jun/2022,116.15,111.25,93.919998
30/Jun/2022,114.93,109.8,90.989998
01/Jul/2022,111.71,105.82,89.529999
04/Jul/2022,113.98,108.37,92.870003
05/Jul/2022,102.98,98.57,81.480003
06/Jul/2022,100.59,95.050003,79.760002
07/Jul/2022,104.9,99.019997,85.290001
08/Jul/2022,107.18,101.74,84.870003
11/Jul/2022,107.3,101.74,85.150002
12/Jul/2022,99.529999,94.260002,79.220001
13/Jul/2022,99.959999,94.800003,78.139999
14/Jul/2022,99.139999,94.370003,75.389999
15/Jul/2022,101.3,97.089996,83.889999
18/Jul/2022,106.41,102.3,88.019997
19/Jul/2022,107.41,102.88,84.330002
20/Jul/2022,107.14,102.07,86.529999
21/Jul/2022,104.11,99.559998,84.199997
22/Jul/2022,103.25,99.029999,79.790001
25/Jul/2022,105.31,100.64,78.800003
26/Jul/2022,104.36,99.860001,79.419998
27/Jul/2022,106.56,101.93,80.860001
28/Jul/2022,107.13,102.14,81.339996
29/Jul/2022,110.06,105.45,82.809998
01/Aug/2022,100.17,96.489998,76.540001
02/Aug/2022,100.59,96.949997,77.400002
03/Aug/2022,96.739998,93.279999,74.739998
04/Aug/2022,94.230003,90.889999,68.879997
05/Aug/2022,94.980003,91.720001,72.18
08/Aug/2022,96.699997,93.599998,74.419998
09/Aug/2022,96.379997,93.330002,75.800003
10/Aug/2022,97.559998,95.019997,74.269997
11/Aug/2022,99.629997,96.839996,77.5
12/Aug/2022,98.300003,95.489998,74.519997
15/Aug/2022,95.279999,92.690002,68.160004
16/Aug/2022,92.370003,89.629997,67.080002
17/Aug/2022,93.82,91.230003,77.919998
18/Aug/2022,96.68,94.589996,77.510002
19/Aug/2022,96.839996,95.339996,78.07
22/Aug/2022,96.540001,95.309998,74.849998
23/Aug/2022,100.23,98.629997,80.18
24/Aug/2022,101.33,99.989998,79.800003
25/Aug/2022,99.269997,99.040001,81.949997
26/Aug/2022,101.13,100.59,80.769997
29/Aug/2022,101.13,104.7,80.769997
30/Aug/2022,99.339996,98.980003,81.449997
31/Aug/2022,96.550003,96.610001,78.139999
01/Sep/2022,92.410004,90.25,74.019997
02/Sep/2022,93.059998,90.900002,75.790001
05/Sep/2022,95.370003,93.75,75.989998
06/Sep/2022,93,91.57,73.139999
07/Sep/2022,88.199997,86.709999,69.779999
08/Sep/2022,89.239998,87.699997,69.300003
09/Sep/2022,92.93,91.410004,71.980003
12/Sep/2022,94.169998,92.650002,75.379997
13/Sep/2022,93.32,91.489998,73.040001
14/Sep/2022,94.169998,92.900002,74.739998
15/Sep/2022,91.07,90.489998,70.550003
16/Sep/2022,91.379997,90.980003,71.809998
19/Sep/2022,91.379997,91.150002,71.809998
20/Sep/2022,90.669998,90.239998,70.709999
21/Sep/2022,89.860001,89.790001,71.120003
22/Sep/2022,90.400002,90.75,72.169998
23/Sep/2022,86.160004,86.510002,66.389999
26/Sep/2022,84.050003,83.790001,65.699997
27/Sep/2022,86.269997,85.769997,67.370003
28/Sep/2022,89.400002,88.989998,70.010002
29/Sep/2022,88.690002,88.709999,71.019997
30/Sep/2022,88.18,87.839996,70.400002
03/Oct/2022,88.910004,87.370003,71.610001
04/Oct/2022,91.849998,90.300003,75.309998
05/Oct/2022,93.489998,91.779999,75.949997
06/Oct/2022,94.599998,93.230003,76.910004
07/Oct/2022,97.93,96.580002,80.059998
10/Oct/2022,96.330002,94.690002,79.510002
11/Oct/2022,94.400002,92.760002,76.5
12/Oct/2022,92.669998,90.550003,75.050003
13/Oct/2022,94.610001,92.330002,75.910004
14/Oct/2022,91.790001,89.389999,74.440002
17/Oct/2022,91.769997,88.540001,72.57
18/Oct/2022,90.190002,86.790001,69.919998
19/Oct/2022,92.470001,88.790001,71.089996
20/Oct/2022,92.389999,89.620003,74.169998
21/Oct/2022,93.529999,90.910004,72.57
24/Oct/2022,93.269997,90.470001,72.949997
25/Oct/2022,93.519997,90.760002,73.139999
26/Oct/2022,95.730003,92.989998,74.309998
27/Oct/2022,96.970001,93.610001,75.800003
28/Oct/2022,95.839996,92.449997,75.809998
31/Oct/2022,95.839996,91.599998,75.040001
01/Nov/2022,94.669998,90.169998,76.730003
02/Nov/2022,95.57,90.169998,78.400002
03/Nov/2022,94.760002,88.089996,77.370003
04/Nov/2022,98.779999,93.370003,80.019997
07/Nov/2022,98.07,91.580002,82.779999
08/Nov/2022,95.360001,89.110001,80.370003
09/Nov/2022,92.790001,86.830002,75.830002
10/Nov/2022,93.739998,87.790001,75.830002
11/Nov/2022,96.220001,90.559998,77.800003
14/Nov/2022,93.260002,87.480003,76.589996
15/Nov/2022,93.949997,87.519997,75.269997
16/Nov/2022,93.010002,86.720001,73.139999
17/Nov/2022,89.970001,83.559998,73.029999
18/Nov/2022,87.660004,81.580002,70.120003
21/Nov/2022,87.690002,80.690002,65.050003
22/Nov/2022,88.510002,81.5,70.760002
23/Nov/2022,85.489998,76.889999,67.010002
24/Nov/2022,85.18,77.279999,67.169998
25/Nov/2022,84.099998,77.209999,66.150002
28/Nov/2022,83.199997,76.339996,64.400002
29/Nov/2022,83.269997,77.110001,64.400002
30/Nov/2022,85.400002,79.629997,66.540001
01/Dec/2022,86.879997,80.489998,69.449997
02/Dec/2022,85.739998,79.360001,63.849998
05/Dec/2022,82.860001,76.480003,61.939999
06/Dec/2022,79.57,73.57,57.27
07/Dec/2022,77.389999,71.349998,54.91
08/Dec/2022,76.300003,70.639999,52.720001
09/Dec/2022,76.370003,70.730003,53.689999
12/Dec/2022,78,73.379997,54.759998
13/Dec/2022,80.639999,76.169998,56.689999
14/Dec/2022,82.709999,78.099998,58.32
15/Dec/2022,81.290001,76.629997,57.290001
16/Dec/2022,79.150002,75.389999,54.810001
19/Dec/2022,79.849998,75.709999,56.790001
20/Dec/2022,80.150002,76.220001,53.650002
21/Dec/2022,82.300003,78.339996,54.470001
22/Dec/2022,81.029999,77.309998,55.779999
23/Dec/2022,84.07,80.720001,56.990002
26/Dec/2022,84.07,80.720001,56.990002
27/Dec/2022,84.07,80.919998,56.990002
28/Dec/2022,83.349998,79.459999,55.810001
29/Dec/2022,82.360001,78.25,55.740002
30/Dec/2022,84.919998,80.889999,56.279999
02/Jan/2023,84.919998,80.889999,58.98
03/Jan/2023,82.059998,77.57,56.509998
04/Jan/2023,77.959999,73.75,50.529999
05/Jan/2023,78.720001,74.580002,52.279999
06/Jan/2023,78.650002,74.550003,52.57
09/Jan/2023,79.720001,75.980003,52.459999
10/Jan/2023,80.18,76.68,51.060001
11/Jan/2023,82.870003,79.519997,53.43
12/Jan/2023,84.029999,80.660004,55.880001
13/Jan/2023,85.309998,82.010002,56.150002
16/Jan/2023,84.300003,81.849998,55.599998
17/Jan/2023,86.099998,83.639999,56.860001
18/Jan/2023,85.110001,82.459999,58.919998
19/Jan/2023,86.239998,83.699997,57.470001
20/Jan/2023,87.650002,85.470001,59.25
23/Jan/2023,88.230003,85.470001,61.279999
24/Jan/2023,86.300003,85.470001,58.810001
25/Jan/2023,86.290001,83.660004,58.34
26/Jan/2023,87.519997,84.480003,59.419998
27/Jan/2023,86.660004,83.650002,58.470001
30/Jan/2023,85.910004,81.889999,57.610001
31/Jan/2023,85.07,82.800003,56.049999
01/Feb/2023,82.940002,80.099998,56.18
02/Feb/2023,82.269997,79.589996,53.560001
03/Feb/2023,79.959999,77.099998,53.619999
06/Feb/2023,81.110001,78.300003,52.619999
07/Feb/2023,83.870003,81.150002,55.119999
08/Feb/2023,85.18,82.400002,55.119999
09/Feb/2023,84.57,82.330002,56.029999
10/Feb/2023,86.470001,83.790001,58.43
13/Feb/2023,86.660004,84.879997,58.490002
14/Feb/2023,85.669998,83.839996,57.669998
15/Feb/2023,85.330002,83.489998,56.099998
16/Feb/2023,85.18,82.959999,57.110001
17/Feb/2023,83.040001,78.860001,54.91
20/Feb/2023,84.010002,82.300003,55.290001
21/Feb/2023,83.050003,81.400002,55.169998
22/Feb/2023,80.639999,79.160004,53.23
23/Feb/2023,82.290001,80.900002,54.560001
24/Feb/2023,83.209999,81.919998,56.099998
27/Feb/2023,83.209999,81.190002,54.240002
28/Feb/2023,83.989998,82.18,60.27
01/Mar/2023,84.410004,82.25,59.889999
02/Mar/2023,84.879997,83.019997,61.32
03/Mar/2023,85.989998,84.07,62.16
06/Mar/2023,86.330002,84.330002,62.630001
07/Mar/2023,83.43,81.459999,60.849998
08/Mar/2023,82.800003,81.349998,59.060001
09/Mar/2023,81.699997,80.349998,59.599998
10/Mar/2023,82.839996,81.739998,59.200001
13/Mar/2023,80.330002,79.529999,57.950001
14/Mar/2023,77.489998,76.470001,55.77
15/Mar/2023,74.900002,73.610001,48.950001
16/Mar/2023,74.610001,73.93,49.889999
17/Mar/2023,72.629997,72.230003,48.869999
20/Mar/2023,73.790001,73.290001,48.41
21/Mar/2023,75.199997,74.82,51.220001
22/Mar/2023,76.639999,76.360001,52.709999
23/Mar/2023,75.489998,75.160004,52.66
24/Mar/2023,75.220001,74.769997,49.93
27/Mar/2023,78.190002,77.699997,52.049999
28/Mar/2023,78.790001,77.989998,56.93
29/Mar/2023,78.290001,77.489998,57.27
30/Mar/2023,79.230003,78.540001,57.450001
31/Mar/2023,79.760002,79.769997,58.5
03/Apr/2023,84.940002,84.769997,64.650002
04/Apr/2023,84.93,84.559998,64.279999
05/Apr/2023,85.07,84.989998,65.5
06/Apr/2023,85.160004,85.220001,66.32
07/Apr/2023,85.160004,85.220001,66.32
10/Apr/2023,85.160004,84.25,66.32
11/Apr/2023,85.660004,85.660004,66.669998
12/Apr/2023,87.300003,87.389999,68.120003
13/Apr/2023,86.110001,86.379997,67.309998
14/Apr/2023,86.389999,86.279999,67.43
17/Apr/2023,84.889999,84.949997,65.790001
18/Apr/2023,84.790001,84.839996,65.699997
19/Apr/2023,83.190002,83.110001,65.970001
20/Apr/2023,81.139999,80.769997,63.400002
21/Apr/2023,81.709999,81.489998,63.349998
24/Apr/2023,82.739998,82.370003,63.93
25/Apr/2023,80.800003,80.419998,62.119999
26/Apr/2023,77.690002,77.400002,61.84
27/Apr/2023,78.410004,78.120003,59.790001
28/Apr/2023,79.519997,79.980003,62.189999
01/May/2023,79.519997,79.980003,62.200001
02/May/2023,75.360001,74.760002,58.139999
03/May/2023,72.400002,71.639999,53.540001
04/May/2023,72.519997,72.019997,54.049999
05/May/2023,75.349998,74.739998,56.580002
08/May/2023,77.029999,76.43,58.529999
09/May/2023,77.470001,76.849998,56.490002
10/May/2023,76.440002,75.699997,58.150002
11/May/2023,74.989998,74.25,53.540001
12/May/2023,74.18,73.160004,56.040001
15/May/2023,75.279999,74.07,56.459999
16/May/2023,74.959999,73.82,56.169998
17/May/2023,77.010002,75.510002,57.119999
18/May/2023,75.879997,74.540001,56.860001
19/May/2023,75.650002,74.489998,56.48
22/May/2023,76,74.660004,56.779999
23/May/2023,76.860001,75.489998,57.959999
24/May/2023,78.410004,77.169998,58.740002
25/May/2023,76.290001,75.089996,57.119999
26/May/2023,76.93,75.860001,57.369999
29/May/2023,76.93,76.019997,57.369999
30/May/2023,73.580002,72.349998,55.099998
31/May/2023,73.580002,71.550003,53.599998
01/Jun/2023,74.290001,72.889999,55.450001
02/Jun/2023,76.110001,72.889999,56.73
05/Jun/2023,76.739998,75.349998,58.27
06/Jun/2023,76.279999,75.5,57.330002
07/Jun/2023,76.949997,76.459999,58.200001
08/Jun/2023,75.949997,75.43,57.16
09/Jun/2023,74.809998,74.260002,57.099998
12/Jun/2023,71.849998,71.400002,57.369999
13/Jun/2023,74.290001,73.839996,57.369999
14/Jun/2023,73.209999,73.019997,55.18
15/Jun/2023,75.68,75.459999,56.939999
16/Jun/2023,76.709999,76.589996,57.830002
19/Jun/2023,76.150002,76.139999,58.080002
20/Jun/2023,75.910004,76.010002,56.950001
21/Jun/2023,77.139999,77.300003,58.759998
22/Jun/2023,74.150002,74.150002,56.07
23/Jun/2023,73.919998,74.230003,55.349998
26/Jun/2023,74.230003,74.57,55.740002
27/Jun/2023,72.25,72.790001,55.110001
28/Jun/2023,74.010002,74.730003,56.400002
29/Jun/2023,74.309998,74.730003,56.139999
30/Jun/2023,74.510002,76.18,57.470001
03/Jul/2023,74.68,74.809998,58.610001
04/Jul/2023,76.160004,76.059998,59.18
05/Jul/2023,76.160004,76.839996,59.630001
06/Jul/2023,76.519997,77.050003,58.490002
07/Jul/2023,74.68,80.25,56.389999
10/Jul/2023,77.760002,77.949997,61.529999
11/Jul/2023,79.470001,79.730003,62.25
12/Jul/2023,79.470001,79.07,63.23
13/Jul/2023,80.139999,81.559998,63.59
14/Jul/2023,79.900002,80.32,63.240002
17/Jul/2023,78.5,79.089996,61.509998
18/Jul/2023,79.639999,80.470001,62.57
19/Jul/2023,79.480003,80.370003,65.400002
20/Jul/2023,79.669998,80.519997,64.290001
21/Jul/2023,81.080002,82.220001,65.419998
24/Jul/2023,82.730003,83.889999,67.410004
25/Jul/2023,83.690002,84.93,67.800003
26/Jul/2023,82.919998,83.720001,68.790001
27/Jul/2023,84.220001,85.029999,69.050003
28/Jul/2023,85.019997,85.790001,68.599998
31/Jul/2023,85.599998,86.43,70.230003
01/Aug/2023,84.940002,85.43,70.230003
02/Aug/2023,83.260002,83.790001,69.040001
03/Aug/2023,85.190002,86.059998,70.809998
04/Aug/2023,86.220001,86.690002,72.059998
07/Aug/2023,85.379997,86.5,71.410004
08/Aug/2023,86.269997,87.43,71.800003
09/Aug/2023,87.620003,87.43,73.730003
10/Aug/2023,86.489998,87.300003,73.139999
11/Aug/2023,86.830002,87.690002,73.18
14/Aug/2023,86.300003,87.040001,72.629997
15/Aug/2023,85.080002,85.629997,72.629997
16/Aug/2023,83.550003,84.010002,70.93
17/Aug/2023,84.209999,84.940002,70.839996
18/Aug/2023,84.839996,85.709999,69.540001
21/Aug/2023,84.519997,85.510002,70.139999
22/Aug/2023,84.080002,85.260002,68.879997
23/Aug/2023,83.290001,84.730003,67.980003
24/Aug/2023,83.400002,85.129997,67.860001
25/Aug/2023,84.57,85.739998,69.099998
28/Aug/2023,84.459999,85.68,69.099998
29/Aug/2023,85.519997,86.540001,69.800003
30/Aug/2023,85.970001,87.089996,69.879997
31/Aug/2023,86.889999,88.089996,71.120003
01/Sep/2023,88.629997,89.75,73.260002
04/Sep/2023,89.07,89.889999,74.300003
05/Sep/2023,90.099998,90.860001,75.830002
06/Sep/2023,90.639999,91.790001,75.279999
07/Sep/2023,90.010002,91.07,75.650002
08/Sep/2023,90.699997,91.709999,76.040001
11/Sep/2023,90.699997,91.660004,75.800003
12/Sep/2023,92.139999,93.139999,77.730003
13/Sep/2023,92.019997,93.040001,77.169998
14/Sep/2023,93.949997,93.040001,78.699997
15/Sep/2023,94.050003,95.25,79.279999
18/Sep/2023,94.480003,95.080002,80.230003
19/Sep/2023,94.550003,95.080002,80.889999
20/Sep/2023,93.559998,94.260002,80.889999
21/Sep/2023,93.300003,93.989998,78.589996
22/Sep/2023,93.339996,93.989998,78.389999
25/Sep/2023,93.360001,93.839996,77.709999
26/Sep/2023,94.059998,94.639999,78.169998
27/Sep/2023,96.599998,96.589996,83.510002
28/Sep/2023,95.470001,95.07,83.330002
29/Sep/2023,95.410004,94.269997,82.019997
02/Oct/2023,90.760002,90.400002,77.169998
03/Oct/2023,91.010002,90.57,80.57
04/Oct/2023,85.940002,85.470001,77.800003
05/Oct/2023,84.129997,83.620003,74.730003
06/Oct/2023,84.650002,84.169998,73.669998
09/Oct/2023,88.220001,87.919998,77.080002
10/Oct/2023,87.739998,87.449997,76.489998
11/Oct/2023,86.160004,86,73.220001
12/Oct/2023,86.129997,85.910004,75.040001
13/Oct/2023,90.980003,90.889999,79
16/Oct/2023,89.790001,89.970001,77.650002
17/Oct/2023,90.290001,89.830002,76.550003
18/Oct/2023,91.629997,92.029999,77.709999
19/Oct/2023,92.5,92.919998,78.129997
20/Oct/2023,92.230003,92.389999,80.940002
23/Oct/2023,89.949997,90.309998,79.440002
24/Oct/2023,88.220001,88.959999,73.690002
25/Oct/2023,90.199997,90.57,74.43
26/Oct/2023,87.93,88.360001,75.199997
27/Oct/2023,90.43,90.260002,74.809998
30/Oct/2023,90.43,88.050003,74.339996
31/Oct/2023,87.540001,87.279999,75.800003
01/Nov/2023,85.029999,85.43,74.279999
02/Nov/2023,87.019997,87.449997,74.459999
03/Nov/2023,85.57,86.150002,73.800003
06/Nov/2023,85.410004,86.029999,74.040001
07/Nov/2023,81.730003,82.220001,70.459999
08/Nov/2023,79.599998,80.089996,68.410004
09/Nov/2023,80.050003,80.610001,68.459999
10/Nov/2023,81.559998,81.910004,69.559998
13/Nov/2023,82.629997,81.910004,69
14/Nov/2023,82.599998,82.860001,70.129997
15/Nov/2023,81.199997,81.389999,67.860001
16/Nov/2023,81.730003,78.080002,63.099998
17/Nov/2023,80.669998,81.230003,64.349998
20/Nov/2023,81.730003,83.099998,67.599998
21/Nov/2023,82.5,83.480003,63.759998
22/Nov/2023,82.059998,83.059998,61.099998
23/Nov/2023,81.32,82.139999,62.57
24/Nov/2023,80.269997,81.260002,63.650002
27/Nov/2023,79.970001,81.089996,61.939999
28/Nov/2023,81.709999,82.669998,63.93
29/Nov/2023,83.080002,83.559998,64.110001
30/Nov/2023,80.68,82.379997,64.599998
01/Dec/2023,78.970001,79.169998,63.09
04/Dec/2023,78.110001,77.690002,60.48
05/Dec/2023,77.260002,77.089996,60.34
06/Dec/2023,74.330002,74.510002,56.740002
07/Dec/2023,74.150002,74.269997,56.48
08/Dec/2023,75.839996,76.050003,57.990002
11/Dec/2023,75.629997,76.309998,57.75
12/Dec/2023,73.559998,73.330002,56.110001
13/Dec/2023,73.980003,73.610001,56.139999
14/Dec/2023,76.970001,76.349998,59.049999
15/Dec/2023,76.639999,76.489998,58.84
18/Dec/2023,78.690002,77.839996,60.889999
19/Dec/2023,79.349998,79.220001,61.82
20/Dec/2023,80.489998,79.709999,63.119999
21/Dec/2023,79.339996,79.669998,62.689999
22/Dec/2023,79.480003,79.669998,62.23
25/Dec/2023,79.480003,79.669998,62.23
26/Dec/2023,79.480003,81.730003,62.23
27/Dec/2023,80.199997,80.220001,62.970001
28/Dec/2023,78.720001,78.82,61.040001
29/Dec/2023,77.690002,77.540001,59.700001
01/Jan/2024,77.690002,77.540001,59.700001
02/Jan/2024,76.230003,76.440002,58.23
03/Jan/2024,78.029999,78.519997,59.18
04/Jan/2024,76.709999,77.970001,57.779999
05/Jan/2024,79,79.199997,60.310001
08/Jan/2024,75.769997,76.629997,57.470001
09/Jan/2024,77.910004,78.07,59.970001
10/Jan/2024,77.449997,77.410004,60.470001
11/Jan/2024,79.010002,77.860001,62.18
12/Jan/2024,78.720001,78.860001,61.880001
15/Jan/2024,77.940002,78.540001,61.759998
16/Jan/2024,78.349998,78.690002,62.150002
17/Jan/2024,77.620003,78.300003,60.889999
18/Jan/2024,78.709999,79.610001,63.040001
19/Jan/2024,79.089996,79.18,62.709999
22/Jan/2024,80.010002,80.540001,63.700001
23/Jan/2024,80.220001,80.080002,71.480003
24/Jan/2024,80.330002,80.57,71.519997
25/Jan/2024,81.339996,83,71.629997
26/Jan/2024,81.949997,84.169998,72.610001
29/Jan/2024,82.690002,83.150002,73.260002
30/Jan/2024,82.830002,83.580002,73.389999
31/Jan/2024,81.93,82.480003,72.209999
01/Feb/2024,81.5,79.699997,71.43
02/Feb/2024,77.529999,78.300003,68.769997
05/Feb/2024,77.279999,78.839996,68.529999
06/Feb/2024,78.699997,79.370003,69.660004
07/Feb/2024,79.190002,80.050003,70.379997
08/Feb/2024,81.269997,82.540001,72.209999
09/Feb/2024,81.730003,83.230003,72.779999
12/Feb/2024,82,83.230003,73.019997
13/Feb/2024,82.949997,83.779999,73.919998
14/Feb/2024,82.419998,82.790001,73.599998
15/Feb/2024,82.730003,83.900002,74.639999
16/Feb/2024,83.199997,84.57,75.18
19/Feb/2024,83.540001,84.449997,75.82
20/Feb/2024,82.309998,83.669998,75.080002
21/Feb/2024,82.889999,84.230003,75.07
22/Feb/2024,83.510002,85.07,76.150002
23/Feb/2024,82.419998,82.989998,74.440002
26/Feb/2024,82.260002,83.650002,74.269997
27/Feb/2024,83.230003,84.860001,73.82
28/Feb/2024,83.269997,84.730003,74.089996
29/Feb/2024,83.779999,85.040001,74.589996
01/Mar/2024,84.190002,85.07,74.839996
04/Mar/2024,83.230003,84.599998,77.830002
05/Mar/2024,82.879997,83.519997,77.080002
06/Mar/2024,84.080002,84.669998,77.860001
07/Mar/2024,82.910004,84.650002,76.139999
08/Mar/2024,82.18,83.900002,75.519997
11/Mar/2024,82.629997,84.129997,74.699997
12/Mar/2024,82.550003,83.849998,74.919998
13/Mar/2024,83.610001,85.769997,75.18
14/Mar/2024,85.199997,87,77.389999
15/Mar/2024,85.440002,87.120003,76.620003
18/Mar/2024,86.489998,89.040001,77.699997
19/Mar/2024,87.389999,89.389999,78.589996
20/Mar/2024,85.989998,87.940002,77
21/Mar/2024,85.559998,87.629997,76.150002
22/Mar/2024,85.580002,87.300003,76.099998
25/Mar/2024,86.879997,88.639999,77.410004
26/Mar/2024,86.620003,87.980003,77.169998
27/Mar/2024,85.940002,88.209999,76.199997
28/Mar/2024,87.419998,89.449997,77.43
29/Mar/2024,87.419998,89.449997,77.43
01/Apr/2024,87.419998,89.32,77.43
02/Apr/2024,88.900002,91.089996,78.889999
03/Apr/2024,89.779999,91.470001,81.839996
04/Apr/2024,89.230003,92.660004,81.580002
05/Apr/2024,91.550003,93.209999,84.07
08/Apr/2024,89.949997,92.470001,82.989998
09/Apr/2024,89.919998,91.550003,83.389999
10/Apr/2024,89.510002,91.550003,82.830002
11/Apr/2024,90.059998,91.959999,82.75
12/Apr/2024,91.610001,92.43,84.410004
15/Apr/2024,89.550003,92.040001,82.139999
16/Apr/2024,90.25,91.889999,82.690002
17/Apr/2024,88.879997,89.209999,80.940002
18/Apr/2024,87.129997,88.639999,79.739998
19/Apr/2024,87.300003,88.809998,79.290001
22/Apr/2024,86.959999,88.720001,78.629997
23/Apr/2024,87.769997,90.339996,79.639999
24/Apr/2024,88.279999,89.889999,80.339996
25/Apr/2024,87.639999,90.779999,79.43
26/Apr/2024,89.580002,91.239998,81.279999
29/Apr/2024,88.260002,90.220001,79.75
30/Apr/2024,87.910004,89.639999,79.529999
01/May/2024,84.220001,89.639999,74.860001
02/May/2024,83.720001,85.410004,76.110001
03/May/2024,83.480003,84.470001,74.900002
06/May/2024,83.480003,84.839996,74.900002
07/May/2024,83.160004,84.650002,73.989998
08/May/2024,83.510002,85.059998,73.739998
09/May/2024,83.709999,85.559998,74.580002
10/May/2024,83.669998,84.389999,74.669998
13/May/2024,83.169998,84.980003,74.459999
14/May/2024,82.379997,83.949997,72.25
15/May/2024,82.550003,84.220001,71.230003
16/May/2024,83.080002,84.82,73.739998
17/May/2024,83.669998,85.57,73.489998
20/May/2024,83.919998,85.230003,73.410004
21/May/2024,83.080002,84.120003,72.75
22/May/2024,82.169998,84.120003,71.43
23/May/2024,81.639999,82.82,70.779999
24/May/2024,81.730003,83.389999,70.449997
27/May/2024,81.730003,84.309998,70.449997
28/May/2024,83.959999,85.580002,73.010002
29/May/2024,83.739998,84.730003,73.580002
30/May/2024,82.690002,82.879997,73.489998
31/May/2024,81.800003,82.580002,71.480003
03/Jun/2024,78.510002,79.410004,68.519997
04/Jun/2024,77.580002,78.300003,67.440002
05/Jun/2024,77.379997,79.32,67.519997
06/Jun/2024,79.709999,80.849998,69.730003
07/Jun/2024,79.68,80.739998,70.230003
10/Jun/2024,81.129997,82.68,71.699997
11/Jun/2024,81.779999,83.080002,72.260002
12/Jun/2024,82.160004,83.860001,72.589996
13/Jun/2024,82.540001,83.730003,73.510002
14/Jun/2024,82.580002,83.709999,73.559998
17/Jun/2024,83.589996,83.709999,75.510002
18/Jun/2024,85.080002,86.800003,77.849998
19/Jun/2024,85.470001,86.639999,78.699997
20/Jun/2024,85.370003,87.129997,78.980003
21/Jun/2024,85.919998,86.650002,79.480003
24/Jun/2024,85.910004,87.489998,79.809998
25/Jun/2024,85.639999,86.349998,79.870003
26/Jun/2024,85.639999,86.349998,78.82
27/Jun/2024,86.25,87.690002,80.050003
28/Jun/2024,86.43,87.760002,80.32
01/Jul/2024,86.190002,88.089996,79.629997
02/Jul/2024,87.010002,87.739998,81.339996
03/Jul/2024,87.050003,88.849998,81.309998
04/Jul/2024,87.580002,89.050003,81.400002
05/Jul/2024,87.900002,88.18,81.75
08/Jul/2024,86.220001,87.269997,80.209999
09/Jul/2024,85,86.160004,79.529999
10/Jul/2024,85.510002,86.550003,79.580002
11/Jul/2024,85.449997,86.970001,79.480003
12/Jul/2024,85.900002,86.610001,81.470001
15/Jul/2024,85,86.269997,80.540001
16/Jul/2024,84.139999,85.059998,80.720001
17/Jul/2024,84.800003,86.550003,79.870003
18/Jul/2024,85.07,86.779999,80.379997
19/Jul/2024,84.080002,84.120003,79.300003
22/Jul/2024,82.080002,83.669998,77.559998
23/Jul/2024,80.860001,82.199997,76.339996
24/Jul/2024,81.910004,82.760002,77.129997
25/Jul/2024,81.699997,83.32,76.699997
26/Jul/2024,80.459999,82.07,75.470001
29/Jul/2024,80.059998,80.510002,75.059998
30/Jul/2024,78.510002,79.360001,73.139999
31/Jul/2024,80.639999,81.489998,75.269997
01/Aug/2024,80.360001,80.68,75.25
02/Aug/2024,76.919998,77.800003,72.230003
05/Aug/2024,76.470001,77.110001,71.400002
06/Aug/2024,76.629997,77.019997,70.5
07/Aug/2024,78.849998,79.400002,72.139999
08/Aug/2024,78.919998,80.32,74.639999
09/Aug/2024,79.489998,80.32,74.949997
12/Aug/2024,80.910004,83.440002,76.940002
13/Aug/2024,80.849998,82.010002,76.389999
14/Aug/2024,80.309998,81.040001,76.029999
15/Aug/2024,81.440002,82.43,76.970001
16/Aug/2024,79.860001,80.949997,75.440002
19/Aug/2024,79.370003,78.980003,74.970001
20/Aug/2024,77.269997,78.550003,72.730003
21/Aug/2024,77.32,77.330002,72.650002
22/Aug/2024,77.339996,78.559998,72.68
23/Aug/2024,78.870003,80.330002,74.199997
26/Aug/2024,78.870003,82.790001,74.199997
27/Aug/2024,80.209999,80.889999,75.389999
28/Aug/2024,79,79.980003,73.889999
29/Aug/2024,80.260002,81.650002,75.43
30/Aug/2024,78.889999,80.379997,74.080002
02/Sep/2024,76.849998,78.150002,71.699997
03/Sep/2024,74.07,74.760002,70.93
04/Sep/2024,73.339996,73.639999,69.139999
05/Sep/2024,73.230003,73.620003,68.940002
06/Sep/2024,71.629997,71.769997,78.830002
09/Sep/2024,71.230003,72.580002,66.290001
10/Sep/2024,69.580002,69.940002,64.260002
11/Sep/2024,69.68,71.360001,64.230003
12/Sep/2024,72.82,72.669998,67.730003
13/Sep/2024,72.449997,72.519997,67.610001
16/Sep/2024,72.620003,73.720001,67.860001
17/Sep/2024,73.470001,74.790001,68.470001
18/Sep/2024,73.629997,74.57,68.440002
19/Sep/2024,74.970001,76,69.849998
20/Sep/2024,74.760002,75.690002,69.879997
23/Sep/2024,74.25,74.93,68.870003
24/Sep/2024,75.010002,76.150002,69.209999
25/Sep/2024,74.720001,74.400002,69.489998
26/Sep/2024,72.290001,72.389999,67.150002
27/Sep/2024,71.660004,72.779999,65.720001
30/Sep/2024,71.949997,72.529999,66.440002
01/Oct/2024,74.589996,73.919998,69.269997
02/Oct/2024,73.879997,74.730003,68.849998
03/Oct/2024,76.760002,78.389999,71.559998
04/Oct/2024,78.220001,78.809998,73.300003
07/Oct/2024,80.290001,81.849998,75.730003
08/Oct/2024,77.150002,78.209999,71.32
09/Oct/2024,76.639999,77.470001,70.290001
10/Oct/2024,78.07,80.220001,72.68
11/Oct/2024,79.190002,79.940002,73.400002
14/Oct/2024,77.57,78.360001,71.599998
15/Oct/2024,73.760002,74.959999,66.809998
16/Oct/2024,74.019997,74.93,66.82
17/Oct/2024,74.239998,75.169998,67.57
18/Oct/2024,72.650002,73.699997,66.160004
21/Oct/2024,73.760002,74.940002,66.699997
22/Oct/2024,75.989998,76.75,69
23/Oct/2024,74.970001,75.519997,67.790001
24/Oct/2024,74.559998,74.870003,67.580002
25/Oct/2024,75.879997,76.730003,68.940002
28/Oct/2024,72.019997,72.360001,65.110001
29/Oct/2024,71.019997,71.440002,64.580002
30/Oct/2024,72.709999,73.169998,66.660004
31/Oct/2024,73.190002,73.169998,66.699997
01/Nov/2024,73.529999,73.82,67.07
04/Nov/2024,74.739998,76,68.449997
05/Nov/2024,76.089996,76.419998,70.5
06/Nov/2024,75.629997,75.739998,70.040001
07/Nov/2024,75.169998,76.410004,69.25
08/Nov/2024,73.650002,74.559998,67.529999
11/Nov/2024,71.93,72.339996,65.68
12/Nov/2024,72.230003,72.370003,66.010002
13/Nov/2024,72.230003,72.839996,66.309998
14/Nov/2024,72.449997,73.110001,66.839996
15/Nov/2024,72.190002,71.589996,66.889999
18/Nov/2024,73.199997,73.760002,67.800003
19/Nov/2024,72.889999,73.790001,67.769997
20/Nov/2024,73.269997,73.32,67.68
21/Nov/2024,73.949997,74.949997,68.440002
22/Nov/2024,74.959999,75.93,69.379997
25/Nov/2024,73.110001,73.82,67.529999
26/Nov/2024,73.480003,73.620003,67.839996
27/Nov/2024,72.910004,73.75,67.190002
28/Nov/2024,72.870003,74.040001,67.25
29/Nov/2024,73.199997,73.769997,67.470001
02/Dec/2024,71.879997,72.510002,66.080002
03/Dec/2024,73.610001,74.25,68.110001
04/Dec/2024,73.410004,73.089996,67.989998
05/Dec/2024,72.190002,72.830002,67.199997
06/Dec/2024,72.190002,72.269997,66.190002
09/Dec/2024,72.459999,72.809998,67
10/Dec/2024,72.580002,72.809998,66.919998
11/Dec/2024,73.089996,74.260002,67.790001
12/Dec/2024,72.629997,74.190002,66.93
13/Dec/2024,74.160004,75.300003,68.309998
16/Dec/2024,73.800003,74.800003,67.580002
17/Dec/2024,72.709999,73.970001,67.089996
18/Dec/2024,74.129997,74.220001,68.5
19/Dec/2024,72.860001,73.769997,67.68
20/Dec/2024,72.830002,73.800003,67.120003
23/Dec/2024,72.080002,73.529999,66.050003
24/Dec/2024,73.75,74.589996,67.43
25/Dec/2024,73.75,74.589996,67.43
26/Dec/2024,73.75,74.309998,67.43
27/Dec/2024,74.029999,75.25,67.699997
30/Dec/2024,74.379997,75.480003,68.169998
31/Dec/2024,74.739998,75.43,68.510002
01/Jan/2025,74.739998,75.43,68.510002
02/Jan/2025,76.290001,77.07,70.040001
03/Jan/2025,76.349998,77.720001,70.620003
06/Jan/2025,76.690002,77.599998,71.169998
07/Jan/2025,76.940002,78.330002,71.760002
08/Jan/2025,76.199997,77.470001,71.269997
09/Jan/2025,77.150002,78.199997,72.339996
10/Jan/2025,78.849998,81.43,73.68
13/Jan/2025,81.18,83.440002,76.620003
14/Jan/2025,80.379997,82.690002,76.290001
15/Jan/2025,81.540001,84.559998,77.379997
16/Jan/2025,80.690002,84.370003,76.290001
17/Jan/2025,81.019997,83.970001,76.919998
20/Jan/2025,79.800003,83.209999,74.209999
21/Jan/2025,79.540001,82.529999,73.169998
22/Jan/2025,79.239998,82.139999,72.650002
23/Jan/2025,78.410004,81.589996,71.43
24/Jan/2025,78.5,82.010002,71.269997
27/Jan/2025,77.089996,80.709999,70.160004
28/Jan/2025,77.559998,81.260002,70.059998
29/Jan/2025,76.580002,81.260002,70.459999
30/Jan/2025,76.910004,81.260002,70.400002
31/Jan/2025,76.809998,80.25,70.120003
03/Feb/2025,76,77.68,68.510002
04/Feb/2025,76.230003,77.620003,70.050003
05/Feb/2025,74.669998,76.160004,68.529999
06/Feb/2025,74.330002,75.800003,68.32
07/Feb/2025,74.68,76.080002,68.150002
10/Feb/2025,75.949997,77.25,68.300003
11/Feb/2025,77.5,78.480003,70.620003
12/Feb/2025,75.480003,76.470001,70.010002
13/Feb/2025,75.360001,76.110001,68.769997
14/Feb/2025,75.010002,75.910004,67.709999
17/Feb/2025,75.610001,76.349998,67.790001
18/Feb/2025,76.290001,77.010002,68.709999
19/Feb/2025,76.050003,77.370003,69.589996
20/Feb/2025,76.510002,77.919998,69.690002
21/Feb/2025,74.449997,75.809998,68.059998
24/Feb/2025,74.839996,76.040001,67.760002
25/Feb/2025,73.07,74.410004,65.489998
26/Feb/2025,72.93,73.889999,65.459999
27/Feb/2025,74.449997,75.529999,67.269997
28/Feb/2025,73.559998,74.540001,66.620003
03/Mar/2025,72.129997,72.93,66.639999
04/Mar/2025,71.519997,71.919998,64.029999
05/Mar/2025,69.660004,70.5,62.009998
06/Mar/2025,69.800003,70.769997,62.669998
07/Mar/2025,70.699997,71.849998,64.410004
10/Mar/2025,69.529999,70.669998,62.650002
11/Mar/2025,69.790001,71.220001,62.66
12/Mar/2025,71.300003,72.360001,63.66
13/Mar/2025,70.269997,73.18,62.639999
14/Mar/2025,70.989998,72.18,62.740002
17/Mar/2025,71.459999,72.720001,63.860001
18/Mar/2025,71.32,72.720001,63.349998
19/Mar/2025,71.290001,72.410004,63.610001
20/Mar/2025,72.150002,74.150002,64.449997
21/Mar/2025,72.160004,73.779999,64.110001
24/Mar/2025,73.129997,74.669998,65.099998
25/Mar/2025,73.139999,74.580002,65.190002
26/Mar/2025,73.849998,75.139999,66.160004
27/Mar/2025,74.059998,75.449997,67.169998
28/Mar/2025,73.540001,74.669998,66.660004
31/Mar/2025,74.779999,74.669998,68.400002
01/Apr/2025,75.029999,76,69.900002
02/Apr/2025,75.470001,76.010002,70.43
03/Apr/2025,70.739998,76.010002,64.779999
04/Apr/2025,66.18,76.010002,60.759998
07/Apr/2025,64.690002,76.010002,59.290001
08/Apr/2025,63.41,64.129997,58.41
09/Apr/2025,65.889999,61.490002,54.82
10/Apr/2025,63.959999,64.739998,57.599998
11/Apr/2025,65.32,65.949997,58.07
14/Apr/2025,65.470001,66.110001,59.470001
15/Apr/2025,64.709999,66.160004,59.200001
16/Apr/2025,65.889999,67.580002,59.580002
17/Apr/2025,67.980003,69.660004,60.700001
18/Apr/2025,67.980003,69.660004,60.700001
21/Apr/2025,67.980003,67.860001,60.700001
22/Apr/2025,67.480003,68.839996,61.099998
23/Apr/2025,66.129997,67.129997,59.389999
24/Apr/2025,66.599998,67.040001,60.48
25/Apr/2025,66.949997,67.650002,60.84
28/Apr/2025,65.879997,66.400002,58.860001
29/Apr/2025,64.330002,65.099998,58.279999
30/Apr/2025,64.330002,61.23,56.5
01/May/2025,62.169998,61.23,55.049999
02/May/2025,61.360001,61.02,54.779999
05/May/2025,61.360001,59.919998,54.779999
06/May/2025,62.169998,62.310001,56.110001
07/May/2025,61.18,61.459999,54.959999
08/May/2025,62.860001,63.41,55.110001
09/May/2025,63.959999,64.459999,56.290001
12/May/2025,65.029999,64.459999,58.77
13/May/2025,66.68,66.769997,59.77
14/May/2025,66.110001,65.830002,59.099998
15/May/2025,64.610001,64.260002,57.400002
16/May/2025,65.449997,64.93,58.16
19/May/2025,65.540001,64.93,58.57
20/May/2025,65.410004,65.010002,59.139999
21/May/2025,64.93,64.550003,59.970001
22/May/2025,64.470001,63.82,58.419998
23/May/2025,64.809998,63.900002,58.709999
26/May/2025,64.809998,63.900002,58.709999
27/May/2025,64.120003,63.279999,57.650002
28/May/2025,64.900002,64.190002,58.599998
29/May/2025,64.190002,63.25,57.950001
30/May/2025,63.919998,62.470001,57.16
02/Jun/2025,64.699997,63.98,58
03/Jun/2025,65.629997,64.919998,60.599998
04/Jun/2025,64.900002,64,59.310001
05/Jun/2025,65.389999,64.639999,60.200001
06/Jun/2025,66.519997,65.849998,60.84
09/Jun/2025,67.080002,66.559998,60.84
10/Jun/2025,66.879997,66.489998,63.200001
11/Jun/2025,69.800003,69.32,63.369999
12/Jun/2025,69.400002,68.830002,64.550003
13/Jun/2025,74.400002,73.269997,68.540001
16/Jun/2025,73.330002,72.160004,66.980003
17/Jun/2025,76.440002,75.459999,71.169998
18/Jun/2025,76.769997,76.18,71.440002
19/Jun/2025,78.769997,78.139999,74.550003
20/Jun/2025,77.029999,76.620003,72.239998
23/Jun/2025,71.650002,71.339996,72.18
24/Jun/2025,67.269997,67.290001,64.940002
25/Jun/2025,67.690002,67.470001,64.260002
26/Jun/2025,67.75,67.660004,63.77
27/Jun/2025,67.730003,68.129997,63.310001
30/Jun/2025,67.650002,68.309998,63.459999
01/Jul/2025,67.120003,68.25,61.57
02/Jul/2025,69.139999,69.660004,63.560001
03/Jul/2025,68.75,69.650002,64.309998
04/Jul/2025,68.529999,69.470001,64.160004
07/Jul/2025,69.629997,70.739998,64.07
08/Jul/2025,70.190002,70.989998,66.449997
09/Jul/2025,70.230003,71.190002,67.220001
10/Jul/2025,68.690002,69.849998,64.959999
11/Jul/2025,70.379997,71.220001,66.459999
14/Jul/2025,69.230003,70.489998,65.519997
15/Jul/2025,68.75,70.029999,65.459999
16/Jul/2025,68.160004,70.029999,64.199997
17/Jul/2025,69.550003,70.690002,65.43
18/Jul/2025,69.290001,70.709999,66.010002
21/Jul/2025,69.25,70.919998,65.150002
22/Jul/2025,68.669998,70.599998,65.75
23/Jul/2025,68.150002,70.279999,63.860001
24/Jul/2025,69.220001,71.559998,65.360001
25/Jul/2025,68.470001,70.75,64.709999
28/Jul/2025,70.120003,72.389999,65.209999
29/Jul/2025,72.559998,72.82,66.959999
30/Jul/2025,73.330002,76.029999,68.639999
31/Jul/2025,72.580002,75.669998,68.860001
01/Aug/2025,69.720001,71.5,65.660004
04/Aug/2025,68.790001,70.419998,65.169998
05/Aug/2025,67.68,69.169998,63.93
06/Aug/2025,66.900002,70.550003,64.959999
07/Aug/2025,66.440002,68.599998,63.169998
08/Aug/2025,66.629997,68.290001,62.560001
11/Aug/2025,66.709999,68.480003,62.82
12/Aug/2025,66.150002,67.949997,62.52
13/Aug/2025,65.660004,67.370003,61.619999
14/Aug/2025,66.879997,68.599998,63.490002
15/Aug/2025,65.809998,67.629997,63.16
18/Aug/2025,66.68,68.57,63.150002
19/Aug/2025,65.82,67.879997,62.490002
20/Aug/2025,66.870003,69.25,63.09
21/Aug/2025,67.68,70.260002,63.099998
22/Aug/2025,67.769997,70.449997,64.220001
25/Aug/2025,67.769997,71.279999,64.220001
26/Aug/2025,67.25,69.739998,63.560001
27/Aug/2025,68.089996,70.419998,61.650002
28/Aug/2025,68.68,69.949997,62.220001
29/Aug/2025,68.150002,70.790001,62.889999
01/Sep/2025,68.190002,70.860001,62.299999
02/Sep/2025,69.190002,71.410004,62.209999
03/Sep/2025,67.660004,69.879997,60.880001
04/Sep/2025,67.010002,69.080002,61.66
05/Sep/2025,65.529999,67.75,59.02
08/Sep/2025,66.050003,68.610001,60.119999
09/Sep/2025,66.419998,69.239998,60.82
10/Sep/2025,67.519997,70.75,63.330002
11/Sep/2025,66.389999,69.5,60.98
12/Sep/2025,67,70.559998,62.900002
15/Sep/2025,67.480003,71.029999,62.259998
16/Sep/2025,68.519997,71.57,63.32
17/Sep/2025,68.010002,70.699997,63.700001
18/Sep/2025,67.489998,69.889999,63.189999
19/Sep/2025,66.699997,68.800003,61.560001
22/Sep/2025,66.57,68.239998,61.349998
23/Sep/2025,67.650002,69.849998,62.509998
24/Sep/2025,69.339996,71.410004,63.349998
25/Sep/2025,69.480003,71.260002,63.669998
26/Sep/2025,70.120003,71.050003,65.889999
29/Sep/2025,68,69.129997,63.040001
30/Sep/2025,67.080002,67.650002,62.279999
01/Oct/2025,65.370003,65.489998,61.240002
02/Oct/2025,64.150002,63.880001,59.990002
03/Oct/2025,64.540001,64.449997,60.369999
06/Oct/2025,65.489998,65.720001,61.330002
07/Oct/2025,65.489998,64.980003,61.150002
08/Oct/2025,66.309998,66.139999,61.919998
09/Oct/2025,65.309998,65.269997,60.810001
10/Oct/2025,62.82,62.57,58.889999
13/Oct/2025,63.349998,63.599998,58.84
14/Oct/2025,62.459999,62.580002,56.580002
15/Oct/2025,61.98,62,56.48
16/Oct/2025,61.139999,61.27,56.02
17/Oct/2025,61.279999,61.59,54.759998
20/Oct/2025,61.060001,61.59,54.459999
21/Oct/2025,61.349998,61.700001,54.869999
22/Oct/2025,62.639999,63.310001,55.98
23/Oct/2025,66.019997,67.860001,59.34
24/Oct/2025,65.949997,68.419998,60.860001
27/Oct/2025,65.739998,67.620003,58.860001
28/Oct/2025,64.25,65.839996,56.919998
29/Oct/2025,64.910004,66.5,57.869999
30/Oct/2025,64.860001,66.18,57.990002
31/Oct/2025,65.099998,67.209999,58.43
03/Nov/2025,64.870003,66.18,58.630001
04/Nov/2025,64.489998,65.839996,58.599998
05/Nov/2025,63.57,64.730003,58.110001
06/Nov/2025,63.439999,64.410004,56.560001
07/Nov/2025,63.66,64.849998,55
10/Nov/2025,64.099998,65.209999,54.919998
11/Nov/2025,65.18,65.910004,55.689999
12/Nov/2025,62.77,63.259998,53.02
13/Nov/2025,63.09,63.790001,53.799999
14/Nov/2025,64.400002,65,55.07
17/Nov/2025,64.18,64.709999,54.939999
18/Nov/2025,64.910004,65.459999,54.580002
19/Nov/2025,63.580002,63.950001,54.919998
20/Nov/2025,63.439999,63.860001,55.400002
21/Nov/2025,62.580002,62.91,52.810001
24/Nov/2025,63.41,63.689999,53.349998
25/Nov/2025,62.580002,62.860001,53.779999
26/Nov/2025,63.189999,63.529999,54.099998
27/Nov/2025,63.189999,63.84,55.240002
28/Nov/2025,63.240002,63.119999,54.419998
01/Dec/2025,63.220001,64,54.220001
02/Dec/2025,62.509998,63.150002,54.18
03/Dec/2025,62.73,63.369999,54.32
04/Dec/2025,63.299999,63.939999,54.560001
05/Dec/2025,63.779999,64.389999,54.919998
08/Dec/2025,62.540001,63.07,53.720001
09/Dec/2025,61.98,62.279999,52.900002
10/Dec/2025,62.32,62.360001,52.34
11/Dec/2025,61.349998,61.400002,51.939999
12/Dec/2025,61.16,61.119999,51.529999
15/Dec/2025,60.599998,60.540001,51.349998
16/Dec/2025,58.98,58.779999,49.43
17/Dec/2025,59.720001,59.650002,50.32
18/Dec/2025,59.84,59.880001,49.52
19/Dec/2025,60.5,60.66,49.549999
22/Dec/2025,62.119999,62.07,51
23/Dec/2025,62.419998,62.110001,50.740002
24/Dec/2025,62.299999,61.939999,51.91
25/Dec/2025,62.299999,61.939999,51.91
26/Dec/2025,62.299999,60.43,51.91
29/Dec/2025,61.970001,61.740002,51.610001
30/Dec/2025,61.900002,61.439999,51.689999
31/Dec/2025,60.849998,60.889999,50.439999
01/Jan/2026,60.849998,60.889999,50.439999
02/Jan/2026,60.830002,59.93,49.220001
05/Jan/2026,61.799999,60.389999,51.380001
06/Jan/2026,60.740002,59.049999,51.470001
07/Jan/2026,60.009998,58.189999,50.400002
08/Jan/2026,62.040001,60.5,50.880001
09/Jan/2026,63.360001,61.669998,53.619999
12/Jan/2026,63.950001,61.860001,53.900002
13/Jan/2026,65.540001,63.02,55.849998
14/Jan/2026,66.57,64.540001,56.619999
15/Jan/2026,63.799999,62.369999,54.57
16/Jan/2026,64.169998,62.900002,55.57
19/Jan/2026,64.18,62.630001,55.73
20/Jan/2026,64.940002,63.48,56.849998
21/Jan/2026,65.269997,63.82,57.790001
22/Jan/2026,64.110001,62.049999,54.759998
23/Jan/2026,65.889999,63.619999,55.509998
26/Jan/2026,65.610001,62.950001,56.099998
27/Jan/2026,67.580002,65.029999,54.48
28/Jan/2026,68.389999,65.540001,56.279999
29/Jan/2026,70.709999,67.879997,59
30/Jan/2026,70.730003,67.709999,56.759998
02/Feb/2026,66.379997,65.050003,53.259998
03/Feb/2026,67.300003,66.370003,53.84
04/Feb/2026,69.519997,68.57,55.689999
05/Feb/2026,67.57,66.989998,54.630001
06/Feb/2026,68.110001,67.550003,56.369999
09/Feb/2026,69.059998,68.309998,56.939999
10/Feb/2026,68.879997,67.839996,56.540001
11/Feb/2026,69.410004,68.220001,57.66
12/Feb/2026,67.620003,66.720001,55.669998
13/Feb/2026,67.75,66.980003,55.360001
16/Feb/2026,68.610001,67.870003,56.209999
17/Feb/2026,67.480003,67.870003,55.25
18/Feb/2026,70.330002,67.870003,57.419998
19/Feb/2026,71.720001,70.949997,58.580002
20/Feb/2026,71.809998,71.019997,57.779999
23/Feb/2026,71.540001,70.589996,58.599998
24/Feb/2026,70.839996,69.400002,57.02
25/Feb/2026,70.93,70.199997,56.73
26/Feb/2026,70.779999,70.139999,57.84
27/Feb/2026,72.550003,71.660004,58.939999
02/Mar/2026,77.790001,77.519997,62.52
03/Mar/2026,81.459999,80.239998,68.830002
04/Mar/2026,81.489998,81.419998,70.309998
05/Mar/2026,85.470001,94.279999,71.970001
06/Mar/2026,92.639999,103.2,90.970001
09/Mar/2026,91.790001,102.13,100.67
10/Mar/2026,91.190002,110.63,85.150002
11/Mar/2026,92.330002,121.84,81.639999
12/Mar/2026,101.25,137.67,89.120003
13/Mar/2026,102.68,145.69,93.580002
16/Mar/2026,100.55,148.92999,93.860001
17/Mar/2026,103.29,150.92999,92.389999
18/Mar/2026,108.93,158.82001,103.83
19/Mar/2026,106.3,159.03,110.73
20/Mar/2026,112.42,164.45,104.84
23/Mar/2026,98.889999,152.86,100.23
24/Mar/2026,103.52,156.12,98.989998
25/Mar/2026,102.59,147.28999,96.309998
26/Mar/2026,107.69,122.1,105.91
27/Mar/2026,113.42,126.08,109.69
30/Mar/2026,112.88,128.03999,115.98
31/Mar/2026,118.34,118.27,123.45
01/Apr/2026,101.3,104.72,105.73
02/Apr/2026,108.88,121.13,121.17
03/Apr/2026,108.88,121.13,121.17
06/Apr/2026,108.88,120.06,121.17
07/Apr/2026,109.36,118.14,124.85
08/Apr/2026,94.940002,98.379997,120.16
09/Apr/2026,96.129997,99.220001,121.78
10/Apr/2026,95.269997,95.760002,114.66
13/Apr/2026,99.480003,102.66,120.82
14/Apr/2026,95.029999,99.739998,117.46
15/Apr/2026,95.019997,99.800003,116.4
16/Apr/2026,99.540001,101.96,114.65
17/Apr/2026,90.800003,90.199997,102.67
20/Apr/2026,95.599998,94.779999,98.050003
21/Apr/2026,98.43,98.050003,98.839996
22/Apr/2026,102.03,101.89,104.08
23/Apr/2026,104.98,105.78,107.49
24/Apr/2026,105.44,107.01,105.99
27/Apr/2026,108.27,106.92,106.81
28/Apr/2026,111.26,108.16,108.57
29/Apr/2026,118.23,112.73,116.06
30/Apr/2026,114.15,108.36,112.05
01/May/2026,108.21,108.36,110.58
04/May/2026,108.21,106.75,110.58
05/May/2026,109.84,104.45,112.49
06/May/2026,101.47,95.760002,98.459999
