date,highsulfur,lowsulfur
01/Jan/2019,340,392.62051
02/Jan/2019,332.5,385.953
03/Jan/2019,343,399.16101
04/Jan/2019,362,419.0365
07/Jan/2019,372,434.02249
08/Jan/2019,368,431.92697
09/Jan/2019,378,439.547
10/Jan/2019,387,449.07202
11/Jan/2019,393,461.4545
14/Jan/2019,380,447.54803
15/Jan/2019,374,445.8335
16/Jan/2019,383,451.61203
17/Jan/2019,384,452.62799
18/Jan/2019,389,455.80298
21/Jan/2019,397,457.96201
22/Jan/2019,399,457.8985
23/Jan/2019,397,456.37451
24/Jan/2019,393.5,450.34198
25/Jan/2019,396,455.80298
28/Jan/2019,392,448.564
29/Jan/2019,387,444.05551
30/Jan/2019,401,458.34299
31/Jan/2019,405,461.13702
01/Feb/2019,398.5,454.40598
04/Feb/2019,407.5,464.12149
05/Feb/2019,407.5,464.12149
06/Feb/2019,407.5,464.12149
07/Feb/2019,410,464.69299
08/Feb/2019,408,460.6925
11/Feb/2019,407.5,467.995
12/Feb/2019,407.5,465.89951
13/Feb/2019,415,473.7735
14/Feb/2019,427,485.5845
15/Feb/2019,420,490.60101
18/Feb/2019,428.5,504.1265
19/Feb/2019,426,501.07852
20/Feb/2019,421,497.71298
21/Feb/2019,425,503.61847
22/Feb/2019,425.5,508.3175
25/Feb/2019,420,507.36502
26/Feb/2019,408.5,494.15701
27/Feb/2019,414.5,502.09451
28/Feb/2019,421,505.90448
01/Mar/2019,432,511.68301
04/Mar/2019,432,501.396
05/Mar/2019,432,502.03098
06/Mar/2019,429,501.26901
07/Mar/2019,432,503.42798
08/Mar/2019,423.5,500.57053
11/Mar/2019,430,505.0155
12/Mar/2019,429,504.1265
13/Mar/2019,429,500.3165
14/Mar/2019,433,504.1265
15/Mar/2019,426,503.74551
18/Mar/2019,423,499.30048
19/Mar/2019,423,502.09451
20/Mar/2019,423.5,505.84103
21/Mar/2019,421.5,509.96848
22/Mar/2019,417,500.82452
25/Mar/2019,408,494.66501
26/Mar/2019,417.5,501.26901
27/Mar/2019,419.12,500.50699
28/Mar/2019,417.5,495.80801
29/Mar/2019,420,497.14151
01/Apr/2019,424,503.36447
02/Apr/2019,422,502.47549
03/Apr/2019,428.5,507.87302
04/Apr/2019,423,501.396
05/Apr/2019,413.5,502.91998
08/Apr/2019,424,516.38202
09/Apr/2019,427.5,518.79498
10/Apr/2019,418,515.49298
11/Apr/2019,418.25,522.73199
12/Apr/2019,425.25,521.84302
15/Apr/2019,422,519.17603
16/Apr/2019,414.5,516.82648
17/Apr/2019,421,524.06549
18/Apr/2019,419.5,519.62048
19/Apr/2019,419.5,519.62048
22/Apr/2019,432,529.39954
23/Apr/2019,428,530.66949
24/Apr/2019,433.5,530.987
25/Apr/2019,449,531.93945
26/Apr/2019,439,525.2085
29/Apr/2019,427,512.50848
30/Apr/2019,434,517.271
01/May/2019,434,517.271
02/May/2019,425,521.52551
03/May/2019,413,517.90601
06/May/2019,409,514.54047
07/May/2019,414,519.87451
08/May/2019,406.5,511.30197
09/May/2019,408.25,511.42902
10/May/2019,413.5,516.19153
13/May/2019,414,522.224
14/May/2019,399,511.8735
15/May/2019,399,519.62048
16/May/2019,414,531.17749
17/May/2019,421,534.47949
20/May/2019,421,534.47949
21/May/2019,417.5,525.2085
22/May/2019,412,517.96948
23/May/2019,401,510.09552
24/May/2019,394,493.33151
27/May/2019,394.5,495.04599
28/May/2019,398,507.49197
29/May/2019,393,496.2525
30/May/2019,396.5,494.91901
31/May/2019,386,475.996
03/Jun/2019,366,451.86603
04/Jun/2019,367.25,450.15149
05/Jun/2019,367.25,450.15149
06/Jun/2019,369.5,444.37302
07/Jun/2019,386.5,452.31052
10/Jun/2019,382,456.81903
11/Jun/2019,378.5,451.67548
12/Jun/2019,364.75,448.3735
13/Jun/2019,359,450.27853
14/Jun/2019,357,449.89749
17/Jun/2019,366,456.43799
18/Jun/2019,360,447.92902
19/Jun/2019,373.5,456.62851
20/Jun/2019,378,466.59802
21/Jun/2019,385,476.18649
24/Jun/2019,391,480.06
25/Jun/2019,392,473.90048
26/Jun/2019,398,483.55252
27/Jun/2019,412,485.8385
28/Jun/2019,418,482.66351
01/Jul/2019,427.5,492.63303
02/Jul/2019,410,484.505
03/Jul/2019,406,466.78851
04/Jul/2019,419,471.61447
05/Jul/2019,430,469.32852
08/Jul/2019,430,478.28201
09/Jul/2019,439,474.66251
10/Jul/2019,459,486.664
11/Jul/2019,499,504.95197
12/Jul/2019,478,500.18948
15/Jul/2019,459,496.82397
16/Jul/2019,441,493.2045
17/Jul/2019,447,485.521
18/Jul/2019,443,478.53601
19/Jul/2019,448,478.28201
22/Jul/2019,445,488.315
23/Jul/2019,431,481.58398
24/Jul/2019,434.67999,489.52148
25/Jul/2019,430,487.172
26/Jul/2019,438,485.14001
29/Jul/2019,440,484.06052
30/Jul/2019,445,491.23599
31/Jul/2019,457,499.23703
01/Aug/2019,452.5,492.56949
02/Aug/2019,412,473.2655
05/Aug/2019,399,467.74103
06/Aug/2019,389,461.96249
07/Aug/2019,357,456.18399
08/Aug/2019,333,447.42099
09/Aug/2019,333,447.42099
12/Aug/2019,333,447.42099
13/Aug/2019,328,458.978
14/Aug/2019,343,473.13852
15/Aug/2019,324,465.70898
16/Aug/2019,332,459.48599
19/Aug/2019,338,459.67648
20/Aug/2019,343,461.4545
21/Aug/2019,345,462.5975
22/Aug/2019,361,464.2485
23/Aug/2019,366,456.62851
26/Aug/2019,373,454.78702
27/Aug/2019,390,452.37399
28/Aug/2019,420,459.2955
29/Aug/2019,405,465.328
30/Aug/2019,414,468.50299
02/Sep/2019,393,456.69199
03/Sep/2019,373,450.08798
04/Sep/2019,382,454.59647
05/Sep/2019,388.20001,467.67752
06/Sep/2019,421.85001,467.55048
09/Sep/2019,417.76999,472.82098
10/Sep/2019,441.85001,480.63153
11/Sep/2019,410,483.29849
12/Sep/2019,452.75,474.72601
13/Sep/2019,478,463.04199
16/Sep/2019,520,499.30048
17/Sep/2019,645,524.25598
18/Sep/2019,525,493.83948
19/Sep/2019,495,494.47452
20/Sep/2019,535,501.96753
23/Sep/2019,480,497.71298
24/Sep/2019,430,495.61752
25/Sep/2019,450,483.48898
26/Sep/2019,460,485.77499
27/Sep/2019,442,490.02948
30/Sep/2019,390,484.31448
01/Oct/2019,381,481.01251
02/Oct/2019,378,476.44049
03/Oct/2019,375,464.31201
04/Oct/2019,359,466.53452
07/Oct/2019,318,467.10599
08/Oct/2019,312,467.74103
09/Oct/2019,305,467.233
10/Oct/2019,315,468.24899
11/Oct/2019,345,483.55252
14/Oct/2019,330,474.34497
15/Oct/2019,322,463.29599
16/Oct/2019,321,465.13751
17/Oct/2019,335,467.74103
18/Oct/2019,336,466.59802
21/Oct/2019,346,462.91501
22/Oct/2019,348,461.4545
23/Oct/2019,360,460.88303
24/Oct/2019,375,467.74103
25/Oct/2019,371,475.04349
28/Oct/2019,371,475.04349
29/Oct/2019,362,468.43948
30/Oct/2019,370,466.28049
31/Oct/2019,380,462.026
01/Nov/2019,377,453.26297
04/Nov/2019,385,467.86801
05/Nov/2019,365,469.9635
06/Nov/2019,358,466.09
07/Nov/2019,335,460.88303
08/Nov/2019,320,453.39001
11/Nov/2019,322,453.19952
12/Nov/2019,307.75,455.99347
13/Nov/2019,265,447.67499
14/Nov/2019,260,458.1525
15/Nov/2019,265,460.375
18/Nov/2019,270,463.80402
19/Nov/2019,265,451.0405
20/Nov/2019,235,440.30899
21/Nov/2019,241,449.961
22/Nov/2019,250.5,462.66101
25/Nov/2019,253,461.51801
26/Nov/2019,250,462.97852
27/Nov/2019,260,469.89999
28/Nov/2019,255,466.15353
29/Nov/2019,250,468.0585
02/Dec/2019,228,454.59647
03/Dec/2019,240,455.168
04/Dec/2019,248,455.67603
05/Dec/2019,253,463.29599
06/Dec/2019,260,471.55103
09/Dec/2019,268,472.75748
10/Dec/2019,278,469.7095
11/Dec/2019,292,471.86847
12/Dec/2019,283,471.10651
13/Dec/2019,287,478.34552
16/Dec/2019,282,487.04498
17/Dec/2019,290,492.82352
18/Dec/2019,300,495.29999
19/Dec/2019,298,492.50598
20/Dec/2019,325,499.23703
23/Dec/2019,311,492.95047
24/Dec/2019,310,495.23648
25/Dec/2019,310,495.23648
26/Dec/2019,301,502.285
27/Dec/2019,319,507.93649
30/Dec/2019,324,508.254
31/Dec/2019,331.89999,505.07901
01/Jan/2020,331.89999,505.07901
02/Jan/2020,330,499.99899
03/Jan/2020,353.35001,513.7785
06/Jan/2020,376.14999,517.14404
07/Jan/2020,369.63,504.31699
08/Jan/2020,379.60001,511.68301
09/Jan/2020,366,493.64899
10/Jan/2020,364.60999,486.72751
13/Jan/2020,371.13,482.47302
14/Jan/2020,348,470.09048
15/Jan/2020,340,469.83649
16/Jan/2020,340,465.77249
17/Jan/2020,345,466.85199
20/Jan/2020,355,472.69403
21/Jan/2020,348,467.67752
22/Jan/2020,350,464.37549
23/Jan/2020,353,453.96149
24/Jan/2020,351,454.15198
27/Jan/2020,351,454.15198
28/Jan/2020,319,419.86203
29/Jan/2020,339,433.832
30/Jan/2020,327,420.62399
31/Jan/2020,320,421.005
03/Feb/2020,285,408.49551
04/Feb/2020,310,406.08252
05/Feb/2020,305,399.8595
06/Feb/2020,304,417.63947
07/Feb/2020,298.5,416.17902
10/Feb/2020,290,405.19351
11/Feb/2020,292,405.51102
12/Feb/2020,295,413.57547
13/Feb/2020,302,413.19449
14/Feb/2020,306,417.38553
17/Feb/2020,310,416.11548
18/Feb/2020,298,411.353
19/Feb/2020,305,413.57547
20/Feb/2020,308,420.62399
21/Feb/2020,315,413.89301
24/Feb/2020,300,402.59
25/Feb/2020,294,397.9545
26/Feb/2020,280,381.19049
27/Feb/2020,273,359.21951
28/Feb/2020,268,358.14001
02/Mar/2020,282,371.34799
03/Mar/2020,270,375.285
04/Mar/2020,265,368.61749
05/Mar/2020,272,368.04599
06/Mar/2020,258,353.82202
09/Mar/2020,187,280.47949
10/Mar/2020,195,292.16348
11/Mar/2020,190,297.815
12/Mar/2020,174,278.25699
13/Mar/2020,195,278.32053
16/Mar/2020,182,249.30099
17/Mar/2020,181,248.539
18/Mar/2020,171,232.60051
19/Mar/2020,161,221.4245
20/Mar/2020,188,252.53951
23/Mar/2020,170,224.3455
24/Mar/2020,172,239.26801
25/Mar/2020,170,240.66501
26/Mar/2020,169,230.50499
27/Mar/2020,168,231.14001
30/Mar/2020,160,231.64799
31/Mar/2020,164,227.711
01/Apr/2020,157.25,212.09001
02/Apr/2020,165,211.07401
03/Apr/2020,170,208.34351
06/Apr/2020,183,219.3925
07/Apr/2020,186,213.0425
08/Apr/2020,183,209.93102
09/Apr/2020,183,209.35951
10/Apr/2020,183,209.35951
13/Apr/2020,178,193.802
14/Apr/2020,178,196.4055
15/Apr/2020,149,179.1335
16/Apr/2020,154,186.944
17/Apr/2020,160,191.64301
20/Apr/2020,150,187.3885
21/Apr/2020,135,152.7175
22/Apr/2020,120,128.524
23/Apr/2020,140,153.67
24/Apr/2020,135,144.46249
27/Apr/2020,136,140.20799
28/Apr/2020,132,133.1595
29/Apr/2020,120,148.209
30/Apr/2020,135,171.70401
01/May/2020,135,171.70401
04/May/2020,134,165.79851
05/May/2020,155,167.259
06/May/2020,155,190.18251
07/May/2020,155,190.18251
08/May/2020,153,182.6895
11/May/2020,155,193.03999
12/May/2020,146,188.4045
13/May/2020,146,180.086
14/May/2020,156,188.65849
15/May/2020,166,203.26349
18/May/2020,175,221.23399
19/May/2020,195,228.34599
20/May/2020,190,228.60001
21/May/2020,200,236.7915
22/May/2020,188,222.18651
25/May/2020,188,222.18651
26/May/2020,202,243.14151
27/May/2020,187,238.50601
28/May/2020,185,225.99651
29/May/2020,188,226.44099
01/Jun/2020,207,247.90401
02/Jun/2020,218,256.4765
03/Jun/2020,225,261.23898
04/Jun/2020,229,258.00052
05/Jun/2020,237,259.58801
08/Jun/2020,249,281.30499
09/Jun/2020,235,275.20901
10/Jun/2020,237,284.98801
11/Jun/2020,236,285.11502
12/Jun/2020,219,269.17648
15/Jun/2020,219,271.14502
16/Jun/2020,231,286.8295
17/Jun/2020,230,296.48151
18/Jun/2020,226,291.33801
19/Jun/2020,226.5,303.65701
22/Jun/2020,236,299.08499
23/Jun/2020,240,304.673
24/Jun/2020,235,297.43399
25/Jun/2020,223,287.84552
26/Jun/2020,235,294.13199
29/Jun/2020,230,285.68652
30/Jun/2020,240,295.021
01/Jul/2020,240,301.18051
02/Jul/2020,244,306.5145
03/Jul/2020,240,306.578
06/Jul/2020,251,312.48349
07/Jul/2020,253,305.81601
08/Jul/2020,264,305.87949
09/Jul/2020,264,308.67349
10/Jul/2020,264,308.67349
13/Jul/2020,260,307.9115
14/Jul/2020,254,303.8475
15/Jul/2020,261,310.134
16/Jul/2020,261,306.07001
17/Jul/2020,258,305.7525
20/Jul/2020,260,302.76801
21/Jul/2020,260,312.73749
22/Jul/2020,265,315.91251
23/Jul/2020,268,319.59552
24/Jul/2020,262.75,307.84799
27/Jul/2020,263,308.41949
28/Jul/2020,269,311.14999
29/Jul/2020,273,310.76898
30/Jul/2020,269,309.49902
31/Jul/2020,269,309.49902
03/Aug/2020,261,301.24399
04/Aug/2020,256,299.02151
05/Aug/2020,262,307.72101
06/Aug/2020,265,308.1655
07/Aug/2020,261,306.0065
10/Aug/2020,261,306.0065
11/Aug/2020,267,308.229
12/Aug/2020,270,306.578
13/Aug/2020,271,306.89551
14/Aug/2020,268,302.7045
17/Aug/2020,270.5,304.54599
18/Aug/2020,280,305.4985
19/Aug/2020,277,305.37149
20/Aug/2020,280.25,301.9425
21/Aug/2020,276.75,298.8945
24/Aug/2020,271,298.51349
25/Aug/2020,276,303.08551
26/Aug/2020,282,305.24451
27/Aug/2020,280,302.51401
28/Aug/2020,277,293.81451
31/Aug/2020,281,303.276
01/Sep/2020,278,297.7515
02/Sep/2020,280,298.76749
03/Sep/2020,265,281.43201
04/Sep/2020,270,283.0195
07/Sep/2020,259,272.0975
08/Sep/2020,254,266.76349
09/Sep/2020,242,260.35001
10/Sep/2020,245,261.17551
11/Sep/2020,244,259.07999
14/Sep/2020,245,261.55649
15/Sep/2020,246,260.47699
16/Sep/2020,261,269.11301
17/Sep/2020,260,268.03351
18/Sep/2020,263,279.4635
21/Sep/2020,255,271.78
22/Sep/2020,252,267.90649
23/Sep/2020,250,265.4935
24/Sep/2020,249.75,262.89001
25/Sep/2020,255,269.17648
28/Sep/2020,251,264.668
29/Sep/2020,252,270.89099
30/Sep/2020,248,267.01749
01/Oct/2020,253,272.79599
02/Oct/2020,238,258.064
05/Oct/2020,241,263.08051
06/Oct/2020,250,271.46249
07/Oct/2020,253,280.035
08/Oct/2020,255,278.76501
09/Oct/2020,261.85001,284.099
12/Oct/2020,259,275.71698
13/Oct/2020,260,278.13
14/Oct/2020,262,275.78049
15/Oct/2020,273,281.55899
16/Oct/2020,274,276.1615
19/Oct/2020,273,274.57401
20/Oct/2020,272,270.82751
21/Oct/2020,273,271.46249
22/Oct/2020,273,269.11301
23/Oct/2020,280,268.5415
26/Oct/2020,263,256.92099
27/Oct/2020,260,264.9855
28/Oct/2020,259,262.12799
29/Oct/2020,256,258.3815
30/Oct/2020,246.5,253.04749
02/Nov/2020,246.5,241.173
03/Nov/2020,262,263.52499
04/Nov/2020,260,264.60449
05/Nov/2020,270,273.11349
06/Nov/2020,266,271.78
09/Nov/2020,267,272.8595
10/Nov/2020,281,291.14749
11/Nov/2020,292,306.2605
12/Nov/2020,290,299.1485
13/Nov/2020,286,292.92551
16/Nov/2020,288,297.561
17/Nov/2020,299,298.19598
18/Nov/2020,290,301.24399
19/Nov/2020,290.5,303.022
20/Nov/2020,292,303.53
23/Nov/2020,298,311.27701
24/Nov/2020,299,316.6745
25/Nov/2020,304,327.78699
26/Nov/2020,303,326.13602
27/Nov/2020,299,317.246
30/Nov/2020,298,323.15149
01/Dec/2020,297,326.64398
02/Dec/2020,294,320.67499
03/Dec/2020,304,328.29501
04/Dec/2020,303,338.328
07/Dec/2020,297,329.69199
08/Dec/2020,294,333.75601
09/Dec/2020,298,340.55051
10/Dec/2020,295,335.34351
11/Dec/2020,297,345.3765
14/Dec/2020,303,349.25
15/Dec/2020,305,346.2655
16/Dec/2020,311,349.31348
17/Dec/2020,318.5,355.854
18/Dec/2020,316,354.64749
21/Dec/2020,310,348.4245
22/Dec/2020,303,344.17001
23/Dec/2020,300,344.80499
24/Dec/2020,310,356.55252
25/Dec/2020,310,356.55252
28/Dec/2020,309,354.26651
29/Dec/2020,309,354.90149
30/Dec/2020,309,353.44101
31/Dec/2020,305,353.1235
01/Jan/2021,305,353.1235
04/Jan/2021,317,361.88651
05/Jan/2021,306,345.1225
06/Jan/2021,323,359.85449
07/Jan/2021,330,362.71201
08/Jan/2021,329,367.15701
11/Jan/2021,335,370.64951
12/Jan/2021,336,376.68201
13/Jan/2021,341,382.14301
14/Jan/2021,336,381.63498
15/Jan/2021,330,379.22202
18/Jan/2021,323,371.6655
19/Jan/2021,327,376.30099
20/Jan/2021,335,381.63498
21/Jan/2021,330,376.1105
22/Jan/2021,330,371.22101
25/Jan/2021,330,374.142
26/Jan/2021,330,372.99902
27/Jan/2021,335,377.1265
28/Jan/2021,329,374.77701
29/Jan/2021,327,373.50699
01/Feb/2021,333,377.698
02/Feb/2021,343,388.81049
03/Feb/2021,346,395.28751
04/Feb/2021,350,399.3515
05/Feb/2021,354,404.5585
08/Feb/2021,359,410.33701
09/Feb/2021,362,418.211
10/Feb/2021,360,418.90952
11/Feb/2021,362,418.02051
12/Feb/2021,362,418.02051
15/Feb/2021,373,430.8475
16/Feb/2021,372,430.46649
17/Feb/2021,373,430.8475
18/Feb/2021,378,437.38797
19/Feb/2021,362,427.2915
22/Feb/2021,364,429.32352
23/Feb/2021,380.5,444.88098
24/Feb/2021,375,438.785
25/Feb/2021,389,452.88199
26/Feb/2021,383,443.67453
01/Mar/2021,384,442.34103
02/Mar/2021,369,423.54498
03/Mar/2021,368.5,426.46603
04/Mar/2021,375,432.18097
05/Mar/2021,398,448.94498
08/Mar/2021,411,459.61298
09/Mar/2021,402,447.10352
10/Mar/2021,394,442.21399
11/Mar/2021,400,448.11951
12/Mar/2021,403,455.168
15/Mar/2021,409,457.83499
16/Mar/2021,400,446.78601
17/Mar/2021,401,447.61148
18/Mar/2021,394,439.10251
19/Mar/2021,375,418.08398
22/Mar/2021,375,423.79898
23/Mar/2021,371,416.814
24/Mar/2021,365,407.22549
25/Mar/2021,368,416.49649
26/Mar/2021,370,413.004
29/Mar/2021,371,418.59198
30/Mar/2021,370,421.57651
31/Mar/2021,368,419.92548
01/Apr/2021,358,407.35251
02/Apr/2021,358,407.35251
05/Apr/2021,362,416.56
06/Apr/2021,357,416.6235
07/Apr/2021,351,412.94049
08/Apr/2021,352,415.16299
09/Apr/2021,348,413.0675
12/Apr/2021,353,416.8775
13/Apr/2021,361,417.957
14/Apr/2021,370,425.38647
15/Apr/2021,380,435.73703
16/Apr/2021,385,440.88049
19/Apr/2021,383.5,439.10251
20/Apr/2021,389,442.15048
21/Apr/2021,380,430.33948
22/Apr/2021,374,424.11652
23/Apr/2021,376.5,430.022
26/Apr/2021,371,427.92648
27/Apr/2021,376,433.70502
28/Apr/2021,376,435.229
29/Apr/2021,386,443.61099
30/Apr/2021,387,448.24649
03/May/2021,381,440.05502
04/May/2021,387,449.13553
05/May/2021,392,461.64499
06/May/2021,389.5,458.1525
07/May/2021,382,450.72302
10/May/2021,383,459.10501
11/May/2021,372,451.86603
12/May/2021,381.5,460.43851
13/May/2021,381.5,460.43851
14/May/2021,366.5,448.88153
17/May/2021,372,462.15298
18/May/2021,373,470.40802
19/May/2021,360,456.75549
20/May/2021,357,451.61203
21/May/2021,345,438.08649
24/May/2021,358,455.80298
25/May/2021,365,461.89899
26/May/2021,365,461.89899
27/May/2021,367,458.34299
28/May/2021,374,462.08948
31/May/2021,379,463.67697
01/Jun/2021,390,469.32852
02/Jun/2021,392.5,469.89999
03/Jun/2021,398,476.75803
04/Jun/2021,398,477.647
07/Jun/2021,394,475.61502
08/Jun/2021,388,472.88452
09/Jun/2021,398,483.87
10/Jun/2021,393,480.69498
11/Jun/2021,398,484.88602
14/Jun/2021,403,487.172
15/Jun/2021,406,486.918
16/Jun/2021,413,493.2045
17/Jun/2021,414,491.74402
18/Jun/2021,403,483.36203
21/Jun/2021,407,487.9975
22/Jun/2021,413,492.125
23/Jun/2021,416,497.96698
24/Jun/2021,417,498.22101
25/Jun/2021,419,496.95102
28/Jun/2021,422,496.37949
29/Jun/2021,411,489.3945
30/Jun/2021,411,488.95001
01/Jul/2021,421,498.4115
02/Jul/2021,423,499.49103
05/Jul/2021,426,505.39648
06/Jul/2021,429,511.68301
07/Jul/2021,408,494.3475
08/Jul/2021,397,477.20251
09/Jul/2021,409,492.63303
12/Jul/2021,410,496.88751
13/Jul/2021,415,501.90399
14/Jul/2021,421,503.55502
15/Jul/2021,407,487.68002
16/Jul/2021,410,489.01352
19/Jul/2021,403,485.01297
20/Jul/2021,403,485.01297
21/Jul/2021,391,466.59802
22/Jul/2021,405,482.91751
23/Jul/2021,410,489.71201
26/Jul/2021,403,484.37799
27/Jul/2021,409,492.63303
28/Jul/2021,413,493.01401
29/Jul/2021,413,497.20502
30/Jul/2021,422,500.44348
02/Aug/2021,419,496.44299
03/Aug/2021,413,488.88647
04/Aug/2021,413,485.20352
05/Aug/2021,397,467.42349
06/Aug/2021,408,478.7265
09/Aug/2021,408,478.7265
10/Aug/2021,397,466.40747
11/Aug/2021,401,472.3765
12/Aug/2021,402.5,474.72601
13/Aug/2021,399,468.94748
16/Aug/2021,390,457.8985
17/Aug/2021,388,454.34253
18/Aug/2021,392,455.86652
19/Aug/2021,378,437.76901
20/Aug/2021,380,435.80048
23/Aug/2021,387,441.38852
24/Aug/2021,410,454.46951
25/Aug/2021,410.5,465.836
26/Aug/2021,418,468.88397
27/Aug/2021,431,475.1705
30/Aug/2021,431,475.23398
31/Aug/2021,431,474.9165
01/Sep/2021,429,480.88553
02/Sep/2021,422,478.59952
03/Sep/2021,437,491.17249
06/Sep/2021,437,482.854
07/Sep/2021,443,485.521
08/Sep/2021,451,481.33002
09/Sep/2021,449,484.56848
10/Sep/2021,452,486.21951
13/Sep/2021,454,491.93451
14/Sep/2021,458,495.29999
15/Sep/2021,457,495.1095
16/Sep/2021,462,503.74551
17/Sep/2021,458,506.349
20/Sep/2021,451,499.23703
21/Sep/2021,457,504.1265
22/Sep/2021,464,507.49197
23/Sep/2021,475,515.55652
24/Sep/2021,473,524.1925
27/Sep/2021,477,535.6225
28/Sep/2021,479,542.2265
29/Sep/2021,477,534.41602
30/Sep/2021,478,544.63947
01/Oct/2021,476,540.51202
04/Oct/2021,484,551.68799
05/Oct/2021,506,571.24597
06/Oct/2021,512,584.26349
07/Oct/2021,499,554.03748
08/Oct/2021,514,583.81903
11/Oct/2021,523,592.77246
12/Oct/2021,520,593.02649
13/Oct/2021,507,584.58099
14/Oct/2021,507,594.995
15/Oct/2021,514,603.50403
18/Oct/2021,504,604.20251
19/Oct/2021,492,603.69452
20/Oct/2021,490,600.32898
21/Oct/2021,484,603.50403
22/Oct/2021,472,600.39252
25/Oct/2021,484,604.45654
26/Oct/2021,475,605.21851
27/Oct/2021,462,601.02753
28/Oct/2021,503,592.13751
29/Oct/2021,462,594.487
01/Nov/2021,460,594.93152
02/Nov/2021,462,600.70996
03/Nov/2021,453,594.487
04/Nov/2021,453,594.487
05/Nov/2021,440.5,581.53302
08/Nov/2021,458.5,599.75751
09/Nov/2021,455,604.45654
10/Nov/2021,458,614.80701
11/Nov/2021,449,595.8205
12/Nov/2021,448,587.75598
15/Nov/2021,446,575.50049
16/Nov/2021,458,584.70801
17/Nov/2021,455,581.27899
18/Nov/2021,440,565.15002
19/Nov/2021,455,578.104
22/Nov/2021,436,558.1015
23/Nov/2021,437,554.48199
24/Nov/2021,456,572.57947
25/Nov/2021,455,572.008
26/Nov/2021,429,535.24152
29/Nov/2021,417,523.81146
30/Nov/2021,405,505.14252
01/Dec/2021,396,506.6665
02/Dec/2021,383,500.18948
03/Dec/2021,391,516.12799
06/Dec/2021,389,510.28601
07/Dec/2021,405,530.60596
08/Dec/2021,409.5,535.43201
09/Dec/2021,417,542.7345
10/Dec/2021,409,537.78149
13/Dec/2021,417.5,545.40149
14/Dec/2021,415.5,542.41699
15/Dec/2021,411,533.4635
16/Dec/2021,419.5,538.86102
17/Dec/2021,418,537.591
20/Dec/2021,399,513.96899
21/Dec/2021,401,514.41351
22/Dec/2021,413,531.24103
23/Dec/2021,423,541.65503
24/Dec/2021,428,545.27454
27/Dec/2021,428,545.27454
28/Dec/2021,442,562.10199
29/Dec/2021,442,564.896
30/Dec/2021,442,563.11798
31/Dec/2021,443,562.737
03/Jan/2022,437,561.02246
04/Jan/2022,438,569.08704
05/Jan/2022,439,576.51648
06/Jan/2022,441,580.771
07/Jan/2022,454,590.80402
10/Jan/2022,451,591.69299
11/Jan/2022,449,588.45447
12/Jan/2022,463,608.203
13/Jan/2022,467,612.8385
14/Jan/2022,467,621.85553
17/Jan/2022,472,623.50653
18/Jan/2022,484,637.92102
19/Jan/2022,490,631.50751
20/Jan/2022,496,631.31702
21/Jan/2022,492,624.39551
24/Jan/2022,498,641.2865
25/Jan/2022,489,631.50751
26/Jan/2022,504,639.00049
27/Jan/2022,509,649.92249
28/Jan/2022,504,658.17749
31/Jan/2022,505,661.92401
01/Feb/2022,505,661.92401
02/Feb/2022,505,661.92401
03/Feb/2022,503,658.62201
04/Feb/2022,511,678.56097
07/Feb/2022,514,687.70502
08/Feb/2022,508,673.09998
09/Feb/2022,498,665.03552
10/Feb/2022,504.5,679.70398
11/Feb/2022,503,678.87854
14/Feb/2022,525,699.89703
15/Feb/2022,526.5,694.11847
16/Feb/2022,518,694.3725
17/Feb/2022,515,687.2605
18/Feb/2022,505,671.3855
21/Feb/2022,510.5,674.81445
22/Feb/2022,542,708.46948
23/Feb/2022,523,690.18152
24/Feb/2022,555,726.44
25/Feb/2022,530,717.61353
28/Feb/2022,536,720.91547
01/Mar/2022,545,739.33051
02/Mar/2022,567,809.625
03/Mar/2022,619,851.09052
04/Mar/2022,603,851.15393
07/Mar/2022,687,998.85504
08/Mar/2022,686,990.15546
09/Mar/2022,721,1114.8695
10/Mar/2022,660,947.16602
11/Mar/2022,659,814.07001
14/Mar/2022,625,776.85895
15/Mar/2022,576,705.48499
16/Mar/2022,595,716.15302
17/Mar/2022,583,772.35046
18/Mar/2022,597,812.73651
21/Mar/2022,622,885.12653
22/Mar/2022,637,868.93396
23/Mar/2022,659,886.58698
24/Mar/2022,692,924.81403
25/Mar/2022,664,892.49249
28/Mar/2022,675,878.77649
29/Mar/2022,657,852.36047
30/Mar/2022,659,846.58203
31/Mar/2022,655,824.80151
01/Apr/2022,666,815.72107
04/Apr/2022,682,853.31305
05/Apr/2022,688,853.63043
06/Apr/2022,690,854.90051
07/Apr/2022,662,819.97552
08/Apr/2022,668,810.32349
11/Apr/2022,660,801.87799
12/Apr/2022,665,827.659
13/Apr/2022,702,856.99603
14/Apr/2022,710,919.92444
15/Apr/2022,710,919.92444
18/Apr/2022,714,934.84698
19/Apr/2022,725,915.73352
20/Apr/2022,748,899.922
21/Apr/2022,716,903.66846
22/Apr/2022,716,872.23602
25/Apr/2022,670,848.23303
26/Apr/2022,672,858.20245
27/Apr/2022,708,909.70099
28/Apr/2022,702,913.00299
29/Apr/2022,720,941.95898
02/May/2022,720,941.95898
03/May/2022,720,941.95898
04/May/2022,720,953.70654
05/May/2022,725,971.29602
06/May/2022,724.90002,952.11902
09/May/2022,682,920.81348
10/May/2022,643,891.09552
11/May/2022,622,910.39948
12/May/2022,616,890.65094
13/May/2022,639,890.46045
16/May/2022,639,890.46045
17/May/2022,640,885.57104
18/May/2022,648,893.38153
19/May/2022,609,834.83453
20/May/2022,630.79999,871.91846
23/May/2022,640.5,873.50598
24/May/2022,632.25,872.04553
25/May/2022,636.5,900.2395
26/May/2022,628.25,914.78101
27/May/2022,618.5,941.13354
30/May/2022,588.25,962.72351
31/May/2022,634.75,1018.032
01/Jun/2022,617.75,1005.586
02/Jun/2022,596.75,1004.824
03/Jun/2022,621.25,1040.13
06/Jun/2022,617.75,1075.309
07/Jun/2022,593,1078.0396
08/Jun/2022,582.25,1049.5914
09/Jun/2022,583.5,1060.069
10/Jun/2022,597.75,1088.9615
13/Jun/2022,600,1060.0055
14/Jun/2022,640,1084.453
15/Jun/2022,610,1087.5646
16/Jun/2022,600,1107.3765
17/Jun/2022,612.25,1116.9015
20/Jun/2022,567.5,1070.1021
21/Jun/2022,585.25,1118.5525
22/Jun/2022,556,1068.197
23/Jun/2022,565,1079.5635
24/Jun/2022,565.25,1083.3101
27/Jun/2022,577,1073.4675
28/Jun/2022,584,1051.6235
29/Jun/2022,590,998.34698
30/Jun/2022,573.5,973.836
01/Jul/2022,544.5,995.93396
04/Jul/2022,523,986.47253
05/Jul/2022,519.25,971.48651
06/Jul/2022,485.75,910.84399
07/Jul/2022,466.25,851.97949
08/Jul/2022,490,896.87402
11/Jul/2022,490,896.87402
12/Jul/2022,473.25,879.09399
13/Jul/2022,438,884.93597
14/Jul/2022,433.5,850.51904
15/Jul/2022,430,850.77295
18/Jul/2022,470,865.75897
19/Jul/2022,470.25,854.13849
20/Jul/2022,465.25,831.65948
21/Jul/2022,456,816.22894
22/Jul/2022,456.5,818.19751
25/Jul/2022,457.25,789.87653
26/Jul/2022,479,831.02448
27/Jul/2022,461.75,834.32648
28/Jul/2022,484.25,872.87103
29/Jul/2022,485,863.72705
01/Aug/2022,490.5,827.78601
02/Aug/2022,483.5,794.63898
03/Aug/2022,483.5,791.20996
04/Aug/2022,477.75,811.276
05/Aug/2022,466.25,779.33551
08/Aug/2022,471,738.75897
09/Aug/2022,471,738.75897
10/Aug/2022,481.75,768.22302
11/Aug/2022,506.25,799.5285
12/Aug/2022,537,822.70599
15/Aug/2022,523,805.43396
16/Aug/2022,495.75,811.65698
17/Aug/2022,493.5,812.6095
18/Aug/2022,490,836.7395
19/Aug/2022,486,844.3595
22/Aug/2022,479,859.98047
23/Aug/2022,480,901.82703
24/Aug/2022,489,913.63806
25/Aug/2022,490.5,955.16699
26/Aug/2022,484,931.10052
29/Aug/2022,482,920.36902
30/Aug/2022,478,907.41498
31/Aug/2022,439.25,875.09351
01/Sep/2022,422.25,828.54797
02/Sep/2022,430,836.48547
05/Sep/2022,436,866.07648
06/Sep/2022,427,856.86902
07/Sep/2022,397,828.802
08/Sep/2022,369,823.78546
09/Sep/2022,380,823.53149
12/Sep/2022,394,831.53247
13/Sep/2022,405,848.04254
14/Sep/2022,394,772.922
15/Sep/2022,396,704.02454
16/Sep/2022,395.5,693.16602
19/Sep/2022,379.5,693.99152
20/Sep/2022,390,745.42651
21/Sep/2022,387,767.71503
22/Sep/2022,386.5,751.52246
23/Sep/2022,373,724.85254
26/Sep/2022,365,698.8175
27/Sep/2022,357.5,698.05548
28/Sep/2022,357,708.65997
29/Sep/2022,366.25,741.55298
30/Sep/2022,368.79999,717.16901
03/Oct/2022,362.75,740.98151
04/Oct/2022,369,755.26904
05/Oct/2022,400,789.1145
06/Oct/2022,382.54999,833.24701
07/Oct/2022,393.70999,867.09253
10/Oct/2022,403.91,863.85394
11/Oct/2022,384.5,796.7345
12/Oct/2022,382.48001,807.52948
13/Oct/2022,360.64001,823.59497
14/Oct/2022,366.26001,827.08752
17/Oct/2022,350.16,822.198
18/Oct/2022,359.04001,830.64349
19/Oct/2022,356.76999,789.6225
20/Oct/2022,356.76999,820.35651
21/Oct/2022,360.26001,780.3515
24/Oct/2022,360.26001,780.3515
25/Oct/2022,351.09,789.43201
26/Oct/2022,353.84,789.1145
27/Oct/2022,368.70001,806.38647
28/Oct/2022,382.70001,822.198
31/Oct/2022,371.14001,812.48248
01/Nov/2022,391.29999,800.60803
02/Nov/2022,396.42999,772.28699
03/Nov/2022,394.32001,779.39899
04/Nov/2022,408.98999,810.26001
07/Nov/2022,422.12,811.02203
08/Nov/2022,423.35999,809.3075
09/Nov/2022,405.60001,856.9325
10/Nov/2022,400.17001,774.12854
11/Nov/2022,419.26001,795.33752
14/Nov/2022,417.39999,788.66998
15/Nov/2022,413.70001,768.41351
16/Nov/2022,418.64999,776.16052
17/Nov/2022,411.12,766.82599
18/Nov/2022,410.22,735.33002
21/Nov/2022,398,715.39105
22/Nov/2022,405.23999,721.86798
23/Nov/2022,412,716.91504
24/Nov/2022,389.92999,690.75299
25/Nov/2022,395.34,689.67352
28/Nov/2022,364.81,656.90747
29/Nov/2022,389.97,679.89447
30/Nov/2022,362.89999,694.75354
01/Dec/2022,369.37,710.88251
02/Dec/2022,367.14001,702.18298
05/Dec/2022,368.14001,688.97498
06/Dec/2022,362,659.00299
07/Dec/2022,358.79001,633.73004
08/Dec/2022,352.48001,610.17145
09/Dec/2022,363.92999,631.25354
12/Dec/2022,349,610.99701
13/Dec/2022,362.38,658.93945
14/Dec/2022,362.14001,690.88
15/Dec/2022,363.91,723.20148
16/Dec/2022,347.66,714.56549
19/Dec/2022,350.01999,681.98999
20/Dec/2022,356.31,658.93945
21/Dec/2022,376.98001,672.08398
22/Dec/2022,392.14001,683.06952
23/Dec/2022,392.10001,668.65503
26/Dec/2022,392.10001,668.65503
27/Dec/2022,389.17001,712.66052
28/Dec/2022,388.14001,706.88202
29/Dec/2022,377.87,690.0545
30/Dec/2022,387.10001,697.92853
02/Jan/2023,387.10001,697.92853
03/Jan/2023,389.17001,688.34003
04/Jan/2023,358.54001,640.84198
05/Jan/2023,353.42999,642.17548
06/Jan/2023,355.57999,633.47601
09/Jan/2023,365.66,653.09747
10/Jan/2023,361.29999,646.87451
11/Jan/2023,360.31,665.03552
12/Jan/2023,367.54999,683.64105
13/Jan/2023,375.29999,699.57947
16/Jan/2023,378.87,705.16754
17/Jan/2023,390.31,707.58051
18/Jan/2023,406.89001,702.88153
19/Jan/2023,404.34,703.51648
20/Jan/2023,411.20001,720.72498
23/Jan/2023,411.20001,720.72498
24/Jan/2023,411.20001,720.72498
25/Jan/2023,414.95999,738.94952
26/Jan/2023,414.95999,709.99347
27/Jan/2023,419.22,724.28101
30/Jan/2023,401.44,691.45148
31/Jan/2023,390.85001,672.27454
01/Feb/2023,398.45001,676.65601
02/Feb/2023,381.12,655.57397
03/Feb/2023,366.73001,647.63647
06/Feb/2023,363,619.50598
07/Feb/2023,374.53,616.966
08/Feb/2023,374.53,616.966
09/Feb/2023,403.72,647.63647
10/Feb/2023,403.38,631.57098
13/Feb/2023,403.38,631.57098
14/Feb/2023,417.64001,653.3515
15/Feb/2023,417.64001,654.55798
16/Feb/2023,422.63,644.77899
17/Feb/2023,413.67001,614.87048
20/Feb/2023,414.64999,615.56903
21/Feb/2023,415.89001,609.91754
22/Feb/2023,420.10999,620.33154
23/Feb/2023,411.12,601.98004
24/Feb/2023,409.53,617.7915
27/Feb/2023,413.22,628.45953
28/Feb/2023,412.06,625.729
01/Mar/2023,436.98999,640.27051
02/Mar/2023,447.73001,640.96899
03/Mar/2023,457.29999,649.28748
06/Mar/2023,459.13,657.79645
07/Mar/2023,461.35001,653.3515
08/Mar/2023,442.67001,634.36499
09/Mar/2023,437.60001,622.99847
10/Mar/2023,429.51999,600.58301
13/Mar/2023,445.95001,629.72949
14/Mar/2023,423.84,610.17145
15/Mar/2023,417.89001,608.26648
16/Mar/2023,395.17999,570.48395
17/Mar/2023,392.45001,596.07452
20/Mar/2023,372.04001,564.95953
21/Mar/2023,395.20001,585.46997
22/Mar/2023,398.37,588.26398
23/Mar/2023,406.10001,597.34448
24/Mar/2023,408.56,587.375
27/Mar/2023,408.73001,578.80249
28/Mar/2023,429.60001,598.36053
29/Mar/2023,427.98999,593.02649
30/Mar/2023,429.10001,585.85101
31/Mar/2023,434.57999,581.40601
03/Apr/2023,469.37,619.50598
04/Apr/2023,470.84,610.61603
05/Apr/2023,476.48001,601.599
06/Apr/2023,475.34,608.45697
07/Apr/2023,475.34,608.45697
10/Apr/2023,485.14999,602.23395
11/Apr/2023,489.92001,592.58197
12/Apr/2023,491.23999,587.6925
13/Apr/2023,495.10999,599.56702
14/Apr/2023,486.56,593.78851
17/Apr/2023,485.14001,586.10504
18/Apr/2023,481.92001,581.46948
19/Apr/2023,473.60001,573.34149
20/Apr/2023,466.42999,559.24451
21/Apr/2023,459.45001,553.02148
24/Apr/2023,466.60999,555.68854
25/Apr/2023,474.94,571.1825
26/Apr/2023,465.06,553.21204
27/Apr/2023,447.20001,531.87604
28/Apr/2023,447.14999,525.33551
01/May/2023,447.14999,525.33551
02/May/2023,458.51999,531.68555
03/May/2023,437.48001,491.0455
04/May/2023,419.14999,494.41101
05/May/2023,410.03,504.50748
08/May/2023,440.16,522.98602
09/May/2023,439.60001,521.90649
10/May/2023,441.10001,524.51001
11/May/2023,443.85999,532.89197
12/May/2023,431.42001,517.08051
15/May/2023,430.04999,510.85748
16/May/2023,435.32999,527.177
17/May/2023,427.91,524.89105
18/May/2023,444.01999,536.32098
19/May/2023,444.34,535.1145
22/May/2023,434.94,521.01752
23/May/2023,431.04999,524.25598
24/May/2023,436.64999,529.01849
25/May/2023,440.09,532.638
26/May/2023,427.57999,523.367
29/May/2023,433.5,530.22498
30/May/2023,428.70001,522.16052
31/May/2023,414.57999,504.57098
01/Jun/2023,415.66,504.63452
02/Jun/2023,415.66,504.63452
05/Jun/2023,435.75,540.13098
06/Jun/2023,422.70999,523.23999
07/Jun/2023,427.76999,530.22498
08/Jun/2023,427.42001,541.21051
09/Jun/2023,424.37,538.54346
12/Jun/2023,412.37,520.63647
13/Jun/2023,411.20001,518.15997
14/Jun/2023,425.92001,537.33704
15/Jun/2023,423.75,528.19299
16/Jun/2023,432.60001,550.41803
19/Jun/2023,433.29999,560.2605
20/Jun/2023,433.29999,560.2605
21/Jun/2023,436.73001,544.19501
22/Jun/2023,445.22,558.6095
23/Jun/2023,434.06,529.97101
26/Jun/2023,433.19,533.08246
27/Jun/2023,430.79001,545.40149
28/Jun/2023,424.26999,533.52698
29/Jun/2023,424.26999,533.52698
30/Jun/2023,439.81,542.16296
03/Jul/2023,448.85999,537.71802
04/Jul/2023,448.85999,537.78149
05/Jul/2023,458.81,548.57648
06/Jul/2023,459.20999,558.22852
07/Jul/2023,459.20999,558.22852
10/Jul/2023,474.38,570.03949
11/Jul/2023,483.67001,574.23053
12/Jul/2023,483.67001,529.97101
13/Jul/2023,485.67999,592.13751
14/Jul/2023,494.28,589.28003
17/Jul/2023,475.88,579.755
18/Jul/2023,477.23999,581.5965
19/Jul/2023,487.42999,592.836
20/Jul/2023,491.75,604.01202
21/Jul/2023,498.54001,613.53699
24/Jul/2023,504.70001,627.31653
25/Jul/2023,508.01001,636.46051
26/Jul/2023,511.35001,637.54004
27/Jul/2023,514.79999,657.66949
28/Jul/2023,518.71002,663.7655
31/Jul/2023,531.87,679.6405
01/Aug/2023,551.79999,695.95996
02/Aug/2023,584.40997,707.45355
03/Aug/2023,564.82001,701.54803
04/Aug/2023,582.29999,710.18396
07/Aug/2023,572.53998,694.75354
08/Aug/2023,562.23999,681.54553
09/Aug/2023,562.23999,681.54553
10/Aug/2023,576.69,729.23395
11/Aug/2023,569.40002,714.56549
14/Aug/2023,565.08002,710.565
15/Aug/2023,562.97998,703.38947
16/Aug/2023,558.57001,690.245
17/Aug/2023,552.21002,690.81653
18/Aug/2023,561.57001,704.08801
21/Aug/2023,572.96997,715.01001
22/Aug/2023,569.81,695.5155
23/Aug/2023,549.08002,702.18298
24/Aug/2023,514.77002,697.61102
25/Aug/2023,523.26001,711.13647
28/Aug/2023,525.01001,729.48798
29/Aug/2023,517.65997,712.46997
30/Aug/2023,522.14001,704.34198
31/Aug/2023,521.72998,693.547
01/Sep/2023,521.72998,693.547
04/Sep/2023,519.56,703.38947
05/Sep/2023,518.85999,707.771
06/Sep/2023,536.82001,724.09052
07/Sep/2023,544.84003,720.21698
08/Sep/2023,544.78003,732.98053
11/Sep/2023,544.01001,740.3465
12/Sep/2023,546.40002,748.85553
13/Sep/2023,551.59003,752.28448
14/Sep/2023,546.46002,763.20654
15/Sep/2023,547.46997,777.81146
18/Sep/2023,534.26001,751.84003
19/Sep/2023,520.28998,731.26605
20/Sep/2023,516.45001,734.18701
21/Sep/2023,515.28003,739.77502
22/Sep/2023,525.88,752.34802
25/Sep/2023,525.91998,750.7605
26/Sep/2023,519,721.487
27/Sep/2023,541.72998,738.94952
28/Sep/2023,543.97998,756.28497
29/Sep/2023,523.69,756.09448
02/Oct/2023,502.63,754.44348
03/Oct/2023,482.54001,732.59949
04/Oct/2023,476.89001,709.54901
05/Oct/2023,445.54999,668.01996
06/Oct/2023,447,644.65198
09/Oct/2023,467.47,676.65601
10/Oct/2023,464.10999,670.052
11/Oct/2023,468.44,670.052
12/Oct/2023,458.45001,679.45001
13/Oct/2023,464.48001,696.08704
16/Oct/2023,480.85001,713.93048
17/Oct/2023,478.20001,699.19849
18/Oct/2023,492.45001,704.40552
19/Oct/2023,483.06,688.65747
20/Oct/2023,490.25,683.9585
23/Oct/2023,476.60999,703.58002
24/Oct/2023,468.25,682.81549
25/Oct/2023,457.20001,662.43201
26/Oct/2023,462.84,673.862
27/Oct/2023,459.82999,679.95801
30/Oct/2023,449.04999,660.90802
31/Oct/2023,446,658.11401
01/Nov/2023,443.84,657.92352
02/Nov/2023,456.35001,663.63849
03/Nov/2023,467.79999,675.38599
06/Nov/2023,467.79999,675.38599
07/Nov/2023,442.48001,640.39746
08/Nov/2023,431.89001,619.06146
09/Nov/2023,434.25,597.4715
10/Nov/2023,438.88,591.05798
13/Nov/2023,438.88,591.05798
14/Nov/2023,442.25,620.01398
15/Nov/2023,445.04001,631.698
16/Nov/2023,445.17999,636.07947
17/Nov/2023,433.32999,606.36151
20/Nov/2023,450.57001,625.34802
21/Nov/2023,448.39001,634.42853
22/Nov/2023,455.67001,648.77948
23/Nov/2023,445,632.26947
24/Nov/2023,447.37,634.23798
27/Nov/2023,437.79999,623.2525
28/Nov/2023,445.12,623.7605
29/Nov/2023,460.01001,632.07898
30/Nov/2023,468.64999,638.55597
01/Dec/2023,450.39001,615.50549
04/Dec/2023,442.23999,595.94751
05/Dec/2023,445.70999,600.58301
06/Dec/2023,429.17001,593.85199
07/Dec/2023,409.51001,581.21552
08/Dec/2023,416.42001,584.96204
11/Dec/2023,428.82999,585.34302
12/Dec/2023,433.25,587.62903
13/Dec/2023,418.39999,561.27649
14/Dec/2023,429.64999,584.073
15/Dec/2023,434.13,595.37604
18/Dec/2023,429.70999,593.34399
19/Dec/2023,435.72,600.07501
20/Dec/2023,448.45001,615.56903
21/Dec/2023,449.70001,605.47247
22/Dec/2023,451.25,605.66296
25/Dec/2023,451.25,605.66296
26/Dec/2023,449.26999,598.99548
27/Dec/2023,459.04999,602.10699
28/Dec/2023,446.60001,596.77301
29/Dec/2023,434.23999,582.29498
01/Jan/2024,434.23999,582.29498
02/Jan/2024,449.14999,595.88397
03/Jan/2024,450.32999,573.659
04/Jan/2024,465.87,597.66199
05/Jan/2024,457.04999,591.94702
08/Jan/2024,442.31,593.21698
09/Jan/2024,434.81,586.42249
10/Jan/2024,435.56,596.58246
11/Jan/2024,430.16,592.07397
12/Jan/2024,428.13,620.71252
15/Jan/2024,430.16,604.01202
16/Jan/2024,429.14001,600.51947
17/Jan/2024,430.14999,596.9635
18/Jan/2024,427.38,602.9325
19/Jan/2024,433.28,610.362
22/Jan/2024,423.25,597.59851
23/Jan/2024,433.25,614.9975
24/Jan/2024,423.82999,611.75897
25/Jan/2024,429.92001,615.12451
26/Jan/2024,440.25,615.44202
29/Jan/2024,451.57001,645.0965
30/Jan/2024,448.20001,639.6355
31/Jan/2024,446.88,642.4295
01/Feb/2024,420.85999,640.27051
02/Feb/2024,419.04001,623.7605
05/Feb/2024,420.67999,614.80701
06/Feb/2024,426.81,628.84052
07/Feb/2024,427.67999,633.73004
08/Feb/2024,431.23001,641.54047
09/Feb/2024,441.45001,652.39899
12/Feb/2024,441.45001,652.39899
13/Feb/2024,439.97,664.33704
14/Feb/2024,440.13,657.85999
15/Feb/2024,422.17999,637.22247
16/Feb/2024,434.54001,631.50751
19/Feb/2024,433.31,633.09497
20/Feb/2024,435.17001,638.36548
21/Feb/2024,432.59,622.74451
22/Feb/2024,437.44,622.55402
23/Feb/2024,430.25,631.88849
26/Feb/2024,425.94,617.66449
27/Feb/2024,431.67001,631.06299
28/Feb/2024,425.85001,622.49048
29/Feb/2024,425.92999,611.56848
01/Mar/2024,431.45001,619.50598
04/Mar/2024,443.28,625.28448
05/Mar/2024,441.28,611.25104
06/Mar/2024,448.70001,607.82202
07/Mar/2024,452.72,607.82202
08/Mar/2024,461.04001,616.58496
11/Mar/2024,449,613.28302
12/Mar/2024,454.51999,621.85553
13/Mar/2024,456,609.47302
14/Mar/2024,468.91,626.745
15/Mar/2024,471.17001,626.42749
18/Mar/2024,480.09,640.27051
19/Mar/2024,479.35001,646.30298
20/Mar/2024,479.60001,633.53949
21/Mar/2024,475.82001,626.10999
22/Mar/2024,474.23001,623.37952
25/Mar/2024,476.42999,618.617
26/Mar/2024,479.89999,621.53796
27/Mar/2024,473.81,609.91754
28/Mar/2024,474.39999,614.04498
29/Mar/2024,474.39999,614.04498
01/Apr/2024,478.31,623.69702
02/Apr/2024,481.92001,628.52301
03/Apr/2024,483.70001,644.5885
04/Apr/2024,483.41,645.414
05/Apr/2024,494.5,654.04999
08/Apr/2024,492.57001,650.74805
09/Apr/2024,495.5,650.11298
10/Apr/2024,495.5,650.11298
11/Apr/2024,493.32001,645.0965
12/Apr/2024,495.22,643.89001
15/Apr/2024,493.48999,635.38098
16/Apr/2024,503.10999,635.76202
17/Apr/2024,503.5,632.14252
18/Apr/2024,499.32001,605.85352
19/Apr/2024,503.20999,596.9635
22/Apr/2024,493.35999,597.15399
23/Apr/2024,502.67999,611.6955
24/Apr/2024,502.73001,608.39349
25/Apr/2024,511.81,607.75848
26/Apr/2024,515.29999,605.409
29/Apr/2024,513.52002,603.758
30/Apr/2024,522.82001,601.66248
01/May/2024,522.82001,601.66248
02/May/2024,516.21997,580.96149
03/May/2024,508.06,575.75452
06/May/2024,511.07001,576.38947
07/May/2024,515.21997,580.96149
08/May/2024,506.01999,572.57947
09/May/2024,512.92999,587.75598
10/May/2024,513.95001,584.96204
13/May/2024,501.82001,575.18298
14/May/2024,500.01001,576.51648
15/May/2024,499.98999,575.11951
16/May/2024,503.19,574.802
17/May/2024,507.22,582.35852
20/May/2024,518.25,586.42249
21/May/2024,524.57001,581.02502
22/May/2024,524.57001,581.02502
23/May/2024,507.57001,569.91248
24/May/2024,503.25,565.7215
27/May/2024,509.39001,571.43646
28/May/2024,520.27002,583.2475
29/May/2024,526.57001,591.82001
30/May/2024,519.70001,578.54852
31/May/2024,514.38,570.54749
03/Jun/2024,518.47998,567.24548
04/Jun/2024,509.70999,543.052
05/Jun/2024,499.91,547.30652
06/Jun/2024,495.95001,549.46552
07/Jun/2024,495.19,559.11749
10/Jun/2024,495,559.49847
11/Jun/2024,509.38,573.59552
12/Jun/2024,513.90002,584.00952
13/Jun/2024,509.17999,580.39001
14/Jun/2024,509.10999,585.85101
17/Jun/2024,509.10999,585.85101
18/Jun/2024,514.33002,589.97852
19/Jun/2024,528.32001,601.85297
20/Jun/2024,526.02002,606.74249
21/Jun/2024,520.95001,601.47198
24/Jun/2024,518.17999,599.1225
25/Jun/2024,517.12,603.82147
26/Jun/2024,511.34,603.758
27/Jun/2024,514.65997,612.8385
28/Jun/2024,517.63,616.33099
01/Jul/2024,513.78998,607.8855
02/Jul/2024,518.25,621.15698
03/Jul/2024,517.63,617.02948
04/Jul/2024,522.78998,612.20355
05/Jul/2024,531.71997,618.74402
08/Jul/2024,525.95001,607.3775
09/Jul/2024,520.42999,601.40851
10/Jul/2024,515.20001,592.77246
11/Jul/2024,520.38,597.59851
12/Jul/2024,520.88,601.21802
15/Jul/2024,512.84003,594.10596
16/Jul/2024,497.28,590.48651
17/Jul/2024,507.67001,584.8985
18/Jul/2024,510.01001,593.979
19/Jul/2024,509.82001,590.99451
22/Jul/2024,490.76001,576.07202
23/Jul/2024,496.22,578.9295
24/Jul/2024,494.95001,573.34149
25/Jul/2024,491.57999,575.50049
26/Jul/2024,496.72,582.23151
29/Jul/2024,490.20001,574.42102
30/Jul/2024,483.48001,562.48303
31/Jul/2024,482.69,565.27698
01/Aug/2024,484.25,576.58002
02/Aug/2024,473.85999,566.29303
05/Aug/2024,450.31,538.22601
06/Aug/2024,453.10001,541.0835
07/Aug/2024,456.69,541.59149
08/Aug/2024,467.22,551.37048
09/Aug/2024,467.22,551.37048
12/Aug/2024,472.29001,555.9425
13/Aug/2024,473.78,568.83301
14/Aug/2024,467.20001,566.73749
15/Aug/2024,462.94,560.76849
16/Aug/2024,464.54999,561.59399
19/Aug/2024,454.19,560.76849
20/Aug/2024,442.10001,528.70099
21/Aug/2024,445.5,561.59399
22/Aug/2024,440.51999,523.93854
23/Aug/2024,447.54001,534.54303
26/Aug/2024,458.32001,534.86053
27/Aug/2024,463.69,551.94202
28/Aug/2024,449.64001,528.63751
29/Aug/2024,446.57999,528.63751
30/Aug/2024,453.31,541.21051
02/Sep/2024,441.48999,525.27203
03/Sep/2024,441.73999,528.89148
04/Sep/2024,424.20999,508.12698
05/Sep/2024,418.54001,503.55502
06/Sep/2024,417.17999,503.68201
09/Sep/2024,417.53,496.37949
10/Sep/2024,421.04001,487.61652
11/Sep/2024,422.87,477.901
12/Sep/2024,427.94,487.55298
13/Sep/2024,431.54999,489.07697
16/Sep/2024,427.29001,489.07697
17/Sep/2024,435.26001,484.56848
18/Sep/2024,434.25,493.58551
19/Sep/2024,443.12,502.03098
20/Sep/2024,450.95001,498.22101
23/Sep/2024,448.89999,499.23703
24/Sep/2024,442.64001,502.34851
25/Sep/2024,441.39001,508.50803
26/Sep/2024,427.17999,490.60101
27/Sep/2024,428.51001,495.36353
30/Sep/2024,434.29001,498.28452
01/Oct/2024,411.56,487.48947
02/Oct/2024,447.92999,516.31848
03/Oct/2024,437.07001,509.58749
04/Oct/2024,461.85001,538.73395
07/Oct/2024,459.60001,542.86151
08/Oct/2024,459.45001,545.65552
09/Oct/2024,456.70999,536.95599
10/Oct/2024,462.04999,533.01904
11/Oct/2024,468.44,542.86151
14/Oct/2024,467.14999,536.89252
15/Oct/2024,447.48999,509.58749
16/Oct/2024,451.69,504.69803
17/Oct/2024,449.37,505.39648
18/Oct/2024,453.44,506.6665
21/Oct/2024,449.07999,503.55502
22/Oct/2024,455.03,504.19
23/Oct/2024,472.76001,518.79498
24/Oct/2024,476.54001,522.41449
25/Oct/2024,469.23999,510.60352
28/Oct/2024,459.20001,502.41202
29/Oct/2024,456.98001,510.60352
30/Oct/2024,461.41,505.90448
31/Oct/2024,461.41,505.90448
01/Nov/2024,468.87,533.65399
04/Nov/2024,461.07001,533.08246
05/Nov/2024,463.32999,538.9245
06/Nov/2024,458.53,532.44751
07/Nov/2024,455.22,530.1615
08/Nov/2024,455.62,529.90747
11/Nov/2024,458.98999,524.383
12/Nov/2024,448.89001,512.57202
13/Nov/2024,454.54999,515.55652
14/Nov/2024,459.91,517.96948
15/Nov/2024,448.76001,509.77798
18/Nov/2024,442.92001,511.42902
19/Nov/2024,449.23001,530.54254
20/Nov/2024,453.85001,528.95502
21/Nov/2024,452.76999,531.05048
22/Nov/2024,466.07001,540.76605
25/Nov/2024,459.14999,532.44751
26/Nov/2024,458.39999,527.62146
27/Nov/2024,461.35999,521.27148
28/Nov/2024,461.59,514.98499
29/Nov/2024,465.67001,519.04901
02/Dec/2024,463.22,517.08051
03/Dec/2024,454.70001,515.23901
04/Dec/2024,454.12,521.20801
05/Dec/2024,441.79999,511.36548
06/Dec/2024,440.51001,509.3335
09/Dec/2024,437.91,513.71503
10/Dec/2024,435.47,515.55652
11/Dec/2024,436.98001,516.63599
12/Dec/2024,446.10999,530.09802
13/Dec/2024,445.48999,531.62201
16/Dec/2024,453,536.89252
17/Dec/2024,446.92999,536.89252
18/Dec/2024,451,530.09802
19/Dec/2024,449.66,526.8595
20/Dec/2024,448.10999,525.33551
23/Dec/2024,450.53,530.35199
24/Dec/2024,449.39999,525.2085
25/Dec/2024,449.39999,525.2085
26/Dec/2024,449.39999,526.47852
27/Dec/2024,451.22,523.875
30/Dec/2024,454.41,534.03497
31/Dec/2024,460.13,542.54401
01/Jan/2025,460.13,542.54401
02/Jan/2025,460.59,540.38501
03/Jan/2025,464.32001,552.06903
06/Jan/2025,459.56,549.08453
07/Jan/2025,451.44,546.41754
08/Jan/2025,459.37,554.48199
09/Jan/2025,459.14999,547.56055
10/Jan/2025,466.26999,558.6095
13/Jan/2025,494.62,590.80402
14/Jan/2025,485.12,575.81799
15/Jan/2025,483.78,581.53302
16/Jan/2025,499.62,593.59802
17/Jan/2025,504.23999,602.99597
20/Jan/2025,504.98999,594.04254
21/Jan/2025,503.5,581.02502
22/Jan/2025,497.03,576.26251
23/Jan/2025,498.23001,567.94403
24/Jan/2025,498.01999,564.896
27/Jan/2025,490.98001,554.35504
28/Jan/2025,489.45001,567.94403
29/Jan/2025,489.45001,567.94403
30/Jan/2025,489.45001,567.94403
31/Jan/2025,493.78,551.56097
03/Feb/2025,492.48001,557.65698
04/Feb/2025,481.78,544.51251
05/Feb/2025,495.42999,549.71948
06/Feb/2025,489.28,540.258
07/Feb/2025,497.51999,546.41754
10/Feb/2025,499.53,546.41754
11/Feb/2025,510.39999,558.1015
12/Feb/2025,506.64999,560.45099
13/Feb/2025,494.12,548.513
14/Feb/2025,494.14001,550.9895
17/Feb/2025,486.26999,548.38599
18/Feb/2025,490.56,548.38599
19/Feb/2025,495.35001,553.08496
20/Feb/2025,499.42001,556.26001
21/Feb/2025,500.88,556.4505
24/Feb/2025,489.54001,541.21051
25/Feb/2025,491.85001,544.57599
26/Feb/2025,479.54999,530.92352
27/Feb/2025,492.32999,524.51001
28/Feb/2025,486.72,530.1615
03/Mar/2025,490.79999,527.24048
04/Mar/2025,457.31,515.55652
05/Mar/2025,454.70999,515.30249
06/Mar/2025,463.28,509.77798
07/Mar/2025,472.14999,510.15897
10/Mar/2025,475.79001,510.66699
11/Mar/2025,463.89999,503.99951
12/Mar/2025,463.89999,503.99951
13/Mar/2025,466.79001,509.52399
14/Mar/2025,461.20001,503.936
17/Mar/2025,460.23001,507.80951
18/Mar/2025,459.13,510.79401
19/Mar/2025,447.82001,503.30103
20/Mar/2025,454.17999,512.1275
21/Mar/2025,453.51001,516.255
24/Mar/2025,459.01001,516.38202
25/Mar/2025,463.66,518.54102
26/Mar/2025,465.13,523.5575
27/Mar/2025,462.75,522.5415
28/Mar/2025,461.57001,524.1925
31/Mar/2025,461.57001,524.1925
01/Apr/2025,457.37,530.66949
02/Apr/2025,455.88,528.38348
03/Apr/2025,447.82999,518.414
04/Apr/2025,419.67999,489.9025
07/Apr/2025,395.39999,461.00998
08/Apr/2025,400.79001,468.82053
09/Apr/2025,379.26001,446.65897
10/Apr/2025,395.53,465.70898
11/Apr/2025,403.76001,462.91501
14/Apr/2025,416.94,471.86847
15/Apr/2025,421.20001,475.86902
16/Apr/2025,421.98999,477.13901
17/Apr/2025,424.23999,483.74301
18/Apr/2025,424.23999,483.74301
21/Apr/2025,421.67001,482.66351
22/Apr/2025,427.28,483.99701
23/Apr/2025,441.75,492.69647
24/Apr/2025,428.16,481.965
25/Apr/2025,430.37,486.28302
28/Apr/2025,427.69,485.8385
29/Apr/2025,420.66,478.15503
30/Apr/2025,413.29001,463.29599
01/May/2025,413.29001,463.29599
02/May/2025,402.29001,459.99402
05/May/2025,390.28,459.99402
06/May/2025,399.60999,455.168
07/May/2025,406.60001,461.00998
08/May/2025,404.67001,450.7865
09/May/2025,415.32999,462.15298
12/May/2025,415.32999,462.15298
13/May/2025,430.64001,475.04349
14/May/2025,434.78,485.64801
15/May/2025,427.82001,475.36099
16/May/2025,434.23999,473.20197
19/May/2025,433.06,473.20197
20/May/2025,437.70999,473.32901
21/May/2025,437.70999,473.32901
22/May/2025,437.70999,473.32901
23/May/2025,431.79999,461.39102
26/May/2025,433.07001,467.04251
27/May/2025,423.20999,465.89951
28/May/2025,431.07999,465.01053
29/May/2025,438.48999,475.996
30/May/2025,423.56,463.99451
02/Jun/2025,417.76999,471.36053
03/Jun/2025,424.45001,472.56699
04/Jun/2025,430.88,479.17099
05/Jun/2025,433.70001,473.83701
06/Jun/2025,429.79999,477.26602
09/Jun/2025,432.59,485.39401
10/Jun/2025,441.10001,487.9975
11/Jun/2025,433.54999,486.53702
12/Jun/2025,445.16,500.0625
13/Jun/2025,469.75,523.49402
16/Jun/2025,483.57001,537.71802
17/Jun/2025,485,543.36951
18/Jun/2025,486.91,560.95898
19/Jun/2025,485.32001,583.05701
20/Jun/2025,479.12,581.53302
23/Jun/2025,476.89999,560.70502
24/Jun/2025,432.62,511.11148
25/Jun/2025,432.62,511.11148
26/Jun/2025,429.72,512.00049
27/Jun/2025,418.26999,518.35046
30/Jun/2025,420.01999,512.76251
01/Jul/2025,406.37,511.61951
02/Jul/2025,405.98001,521.3985
03/Jul/2025,407.28,528.12952
04/Jul/2025,409.59,524.1925
07/Jul/2025,408.04001,531.05048
08/Jul/2025,417.16,528.06604
09/Jul/2025,421.79001,527.74847
10/Jul/2025,419.04999,532.70148
11/Jul/2025,404.92999,527.36749
14/Jul/2025,403.60001,545.59198
15/Jul/2025,396.38,527.62146
16/Jul/2025,402.29001,528.38348
17/Jul/2025,398.76999,531.11401
18/Jul/2025,405.88,552.95801
21/Jul/2025,406.26999,541.59149
22/Jul/2025,402.07999,545.14746
23/Jul/2025,399.16,535.36847
24/Jul/2025,401.29999,540.00403
25/Jul/2025,404.84,539.81354
28/Jul/2025,399.84,535.17798
29/Jul/2025,406.23001,540.76605
30/Jul/2025,414.26999,547.75104
31/Jul/2025,413,551.94202
01/Aug/2025,413.85001,545.71899
04/Aug/2025,405.22,524.25598
05/Aug/2025,408.94,524.25598
06/Aug/2025,407.82999,514.85803
07/Aug/2025,403.42999,505.84103
08/Aug/2025,404.06,508.12698
11/Aug/2025,392.23001,501.77698
12/Aug/2025,397.64001,510.15897
13/Aug/2025,389.41,497.586
14/Aug/2025,388.59,495.87149
15/Aug/2025,388.85999,491.68051
18/Aug/2025,388.67999,490.02948
19/Aug/2025,384.23001,494.09348
20/Aug/2025,387.10001,504.06299
21/Aug/2025,389.62,506.349
22/Aug/2025,392.57999,513.33398
25/Aug/2025,399.64999,514.03247
26/Aug/2025,398.25,513.461
27/Aug/2025,397.84,505.58701
28/Aug/2025,395.84,506.47601
29/Aug/2025,402.85001,510.41299
01/Sep/2025,399.89001,509.651
02/Sep/2025,404.42999,521.77948
03/Sep/2025,404.42999,521.77948
04/Sep/2025,390.09,523.367
05/Sep/2025,391.16,522.09698
08/Sep/2025,391.92001,519.81097
09/Sep/2025,399.64001,525.08154
10/Sep/2025,398.89999,524.383
11/Sep/2025,394.94,526.66901
12/Sep/2025,388.10999,526.66901
15/Sep/2025,395.42001,523.0495
16/Sep/2025,396.20999,519.68396
17/Sep/2025,400.67999,519.68396
18/Sep/2025,400.47,528.38348
19/Sep/2025,393.94,525.46252
22/Sep/2025,395.98001,521.58899
23/Sep/2025,397.70001,517.77899
24/Sep/2025,409.82001,528.95502
25/Sep/2025,410.53,537.01947
26/Sep/2025,416.20001,548.1955
29/Sep/2025,413.89999,543.052
30/Sep/2025,403.31,523.49402
01/Oct/2025,401.09,531.55847
02/Oct/2025,393.98001,526.73248
03/Oct/2025,386.17999,516.69952
06/Oct/2025,391.31,515.81055
07/Oct/2025,395.82999,514.2865
08/Oct/2025,398.26001,520.25549
09/Oct/2025,396.32001,525.97052
10/Oct/2025,385.85999,518.28699
13/Oct/2025,376.79001,509.96848
14/Oct/2025,376.79001,509.96848
15/Oct/2025,370.34,498.85599
16/Oct/2025,372.45999,493.90298
17/Oct/2025,363.79001,485.01297
20/Oct/2025,363.79001,485.01297
21/Oct/2025,363.51999,489.58499
22/Oct/2025,367.20001,500.25299
23/Oct/2025,386.5,500.25299
24/Oct/2025,394.85999,500.25299
27/Oct/2025,389.01999,500.25299
28/Oct/2025,384.92001,500.25299
29/Oct/2025,374.17999,500.25299
30/Oct/2025,374.06,500.25299
31/Oct/2025,376.31,500.25299
03/Nov/2025,375.12,500.25299
04/Nov/2025,370.62,500.25299
05/Nov/2025,366.63,500.25299
06/Nov/2025,365.73999,500.25299
07/Nov/2025,366.45001,500.25299
10/Nov/2025,364.23001,500.25299
11/Nov/2025,364.75,500.25299
12/Nov/2025,367.23001,500.25299
13/Nov/2025,353.45001,500.25299
14/Nov/2025,358.51001,500.25299
17/Nov/2025,358.03,500.25299
18/Nov/2025,350.62,500.25299
19/Nov/2025,350.03,500.25299
20/Nov/2025,347.42001,500.25299
21/Nov/2025,344.85999,500.25299
24/Nov/2025,345.01999,500.25299
25/Nov/2025,343.03,500.25299
26/Nov/2025,338.37,500.25299
27/Nov/2025,340.12,500.25299
28/Nov/2025,345.20001,500.25299
01/Dec/2025,340.62,500.25299
02/Dec/2025,339.12,500.25299
03/Dec/2025,335.51001,500.25299
04/Dec/2025,335.75,500.25299
05/Dec/2025,341.82001,500.25299
08/Dec/2025,344.53,543.24249
09/Dec/2025,334.31,543.24249
10/Dec/2025,331.34,543.24249
11/Dec/2025,329.14999,543.24249
12/Dec/2025,332.29001,543.24249
15/Dec/2025,334.35001,543.24249
16/Dec/2025,329.39001,543.24249
17/Dec/2025,334.60999,543.24249
18/Dec/2025,334.60999,543.24249
19/Dec/2025,332.85001,543.24249
22/Dec/2025,338.07001,543.24249
23/Dec/2025,344.64999,543.24249
24/Dec/2025,344.14999,543.24249
25/Dec/2025,344.14999,543.24249
26/Dec/2025,343.82001,543.24249
29/Dec/2025,339.51001,496.95102
30/Dec/2025,341.26999,499.10999
31/Dec/2025,341.82999,501.84048
01/Jan/2026,341.82999,501.84048
02/Jan/2026,338.03,497.90353
05/Jan/2026,333.20001,489.07697
06/Jan/2026,341.84,498.91949
07/Jan/2026,333.20001,484.94952
08/Jan/2026,334.70999,483.36203
09/Jan/2026,341.45001,497.078
12/Jan/2026,337.79001,496.95102
13/Jan/2026,345.29999,505.45999
14/Jan/2026,359.60001,512.69897
15/Jan/2026,360.38,508.254
16/Jan/2026,358.84,507.93649
19/Jan/2026,360.26001,510.03201
20/Jan/2026,356.87,514.92145
21/Jan/2026,363.64001,527.81201
22/Jan/2026,375.26999,537.20996
23/Jan/2026,383.13,529.27246
26/Jan/2026,398.66,540.5755
27/Jan/2026,384.07999,529.46301
28/Jan/2026,398.66,547.62396
29/Jan/2026,413.51999,560.00653
30/Jan/2026,412.92001,561.27649
02/Feb/2026,400.89001,551.37048
03/Feb/2026,407.78,547.1795
04/Feb/2026,420.04001,556.70447
05/Feb/2026,427.17999,558.99048
06/Feb/2026,424.89001,564.64197
09/Feb/2026,418.35001,555.3075
10/Feb/2026,427.17001,560.07001
11/Feb/2026,433.06,564.83246
12/Feb/2026,438.54001,564.896
13/Feb/2026,433.17001,550.60852
16/Feb/2026,430.44,548.13202
17/Feb/2026,430.44,548.13202
18/Feb/2026,430.44,548.13202
19/Feb/2026,446.17001,579.755
20/Feb/2026,442.10001,587.43854
23/Feb/2026,424.62,578.67548
24/Feb/2026,414.51999,583.565
25/Feb/2026,422.82001,580.39001
26/Feb/2026,428.78,582.23151
27/Feb/2026,428.64001,580.32648
02/Mar/2026,508.60001,712.216
03/Mar/2026,532.79999,746.18854
04/Mar/2026,576.58002,806.19598
05/Mar/2026,611,895.22296
06/Mar/2026,674.94,979.10651
09/Mar/2026,873.03998,1167.7015
10/Mar/2026,742.85999,1017.27
11/Mar/2026,732.09998,1036.3199
12/Mar/2026,847.23999,1249.9976
13/Mar/2026,847.23999,1249.9976
16/Mar/2026,842.90997,1197.6735
17/Mar/2026,821.71002,1244.0286
18/Mar/2026,821.71002,1244.0286
19/Mar/2026,817.73999,1407.033
20/Mar/2026,799.90002,1394.9045
23/Mar/2026,837.84003,1523.9365
24/Mar/2026,727.65997,1387.729
25/Mar/2026,658.12,1299.7179
26/Mar/2026,685.78998,1367.917
27/Mar/2026,750.76001,1494.8535
30/Mar/2026,769.51001,1588.8335
31/Mar/2026,720.97998,1506.4105
01/Apr/2026,696.10999,1541.145
02/Apr/2026,758.22998,1822.7041
03/Apr/2026,758.22998,1822.7041
06/Apr/2026,755.33002,1727.2635
07/Apr/2026,750.15002,1593.5325
08/Apr/2026,650.48999,1253.9979
09/Apr/2026,658.34003,1322.5145
10/Apr/2026,651.20001,1317.1804
13/Apr/2026,685.48999,1272.6035
14/Apr/2026,682.79999,1181.7985
15/Apr/2026,663.90002,1102.2965
16/Apr/2026,651.76001,1080.4525
17/Apr/2026,654.82001,1064.895
20/Apr/2026,623.98999,966.27948
21/Apr/2026,600.53003,952.62701
22/Apr/2026,643.27002,1042.0985
23/Apr/2026,653.59998,1064.9585
24/Apr/2026,677.13,1108.964
27/Apr/2026,680.79999,1116.0125
28/Apr/2026,700,1060.958
29/Apr/2026,696.09003,1075.944
30/Apr/2026,724.59003,1133.094
01/May/2026,724.59003,1133.2845
04/May/2026,713.84003,1016.508
05/May/2026,773.72998,1022.6675
06/May/2026,777.33002,998.53748
