date,index,corn,rice,wheat
01/Jan/2019,68.146004,83.612,,85.081001
02/Jan/2019,68.222,83.779999,,85.670998
03/Jan/2019,68.569,84.670998,,86.855003
04/Jan/2019,68.831001,85.394997,,87.404999
07/Jan/2019,69.275002,85.226997,,87.362999
08/Jan/2019,69.556999,84.727997,,87.529999
09/Jan/2019,69.984001,85.172997,,87.911003
10/Jan/2019,69.460999,83.890999,,86.855003
11/Jan/2019,69.779999,84.335999,,87.825996
14/Jan/2019,69.652,84.392998,,86.939003
15/Jan/2019,69.348,82.775002,,86.389
16/Jan/2019,69.447998,83.388,,86.642998
17/Jan/2019,69.742996,84.727997,,87.529999
18/Jan/2019,70.177002,85.116997,,87.529999
21/Jan/2019,70.177002,85.116997,,87.529999
22/Jan/2019,69.779999,84.503998,,88.123001
23/Jan/2019,69.977997,84.446999,,88.925003
24/Jan/2019,69.735001,84.057999,,88.165001
25/Jan/2019,69.671997,84.781998,,87.911003
28/Jan/2019,69.724998,84.670998,,87.698997
29/Jan/2019,69.462997,84.114998,,86.769997
30/Jan/2019,69.630997,85.005997,,87.362999
31/Jan/2019,69.124001,83.946999,,87.320999
01/Feb/2019,69.282997,84.335999,,88.628998
04/Feb/2019,69.845001,84.559998,,88.883003
05/Feb/2019,69.878998,84.892998,,89.137001
06/Feb/2019,69.777,84.727997,,88.925003
07/Feb/2019,69.086998,84.292999,,86.897003
08/Feb/2019,69.170998,84.157997,,87.599998
11/Feb/2019,69.095001,84.18,,87.844002
12/Feb/2019,69.665001,85.762001,,88.148003
13/Feb/2019,69.724998,86.232002,,88.925003
14/Feb/2019,68.974998,85.394997,,86.304001
15/Feb/2019,69.189003,85.341003,,85.713997
18/Feb/2019,69.189003,85.341003,,85.713997
19/Feb/2019,68.528,84.278999,,83.220001
20/Feb/2019,68.190002,84.613998,,81.866997
21/Feb/2019,68.778999,85.672997,,83.008003
22/Feb/2019,68.792,85.730003,,83.135002
25/Feb/2019,67.959999,84.727997,,79.922997
26/Feb/2019,67.698997,83.834,,79.163002
27/Feb/2019,67.717003,83.334,,78.908997
28/Feb/2019,67.306999,82.664001,,77.682999
01/Mar/2019,67.370003,83.167,,77.302002
04/Mar/2019,67.183998,83.556,,77.008003
05/Mar/2019,67.623001,83.779999,,78.232002
06/Mar/2019,66.871002,83.053001,,76.075996
07/Mar/2019,66.462997,81.438004,,74.091003
08/Mar/2019,66.983002,81.213997,,74.302002
11/Mar/2019,66.790001,80.711998,,72.441002
12/Mar/2019,67.672997,81.549004,,76.584999
13/Mar/2019,67.945,81.717003,,75.612999
14/Mar/2019,68.428001,82.554001,,76.542
15/Mar/2019,69.449997,83.221001,,78.149002
18/Mar/2019,69.460999,82.832001,,77.217003
19/Mar/2019,69.447998,82.775002,,77.175003
20/Mar/2019,69.970001,82.832001,,78.57
21/Mar/2019,70.741997,83.890999,,78.866997
22/Mar/2019,70.757004,84.335999,,78.781998
25/Mar/2019,70.667999,84.670998,,79.373001
26/Mar/2019,70.467003,84.114998,,79.333
27/Mar/2019,69.975998,83.334,,79.373001
28/Mar/2019,69.543999,83.388,,78.528
29/Mar/2019,68.402,79.486,,77.387001
01/Apr/2019,68.890999,80.657997,,78.232002
02/Apr/2019,69.189003,80.600998,,78.443001
03/Apr/2019,69.570999,80.878998,,79.626999
04/Apr/2019,70.480003,81.438004,,79.584
05/Apr/2019,70.364998,81.203003,,79.146004
08/Apr/2019,70.329002,81.025002,,78.891998
09/Apr/2019,70.142998,81.403,,78.139
10/Apr/2019,70.470001,82.262001,,77.903
11/Apr/2019,70.602997,82.219002,,78.696999
12/Apr/2019,71.024002,82.386002,,79.206001
15/Apr/2019,70.846001,82.832001,,78.316002
16/Apr/2019,70.267998,81.995003,,75.824997
17/Apr/2019,70.051003,81.827003,,76.119003
18/Apr/2019,70.305,81.884003,,75.781998
19/Apr/2019,70.305,81.884003,,75.781998
22/Apr/2019,69.482002,81.046997,,74.683998
23/Apr/2019,69.124001,80.322998,,75.232002
24/Apr/2019,68.323997,79.375,,74.133003
25/Apr/2019,67.845001,79.653,,74.640999
26/Apr/2019,67.779999,80.546997,,74.807999
29/Apr/2019,67.225998,80.657997,,73.582001
30/Apr/2019,66.952003,80.824997,,72.484001
01/May/2019,67.445999,82.162003,,73.709
02/May/2019,67.667999,82.608002,,75.061996
03/May/2019,67.383003,82.664001,,74.047997
06/May/2019,66.400002,81.213997,,73.920998
07/May/2019,66.462997,81.717003,,74.302002
08/May/2019,65.911003,81.213997,,74.218002
09/May/2019,65.225998,78.762001,,72.611
10/May/2019,64.922997,78.427002,,71.807999
13/May/2019,64.552002,79.486,,73.878998
14/May/2019,65.917,82.219002,,75.824997
15/May/2019,66.084,82.386002,,75.864998
16/May/2019,67.108002,84.503998,,78.952003
17/May/2019,67.089996,85.452003,,78.612999
20/May/2019,67.852997,86.734001,,80.852997
21/May/2019,67.876999,87.903999,,80.936996
22/May/2019,67.605003,87.959999,,79.922997
23/May/2019,67.344002,86.899002,,79.5
24/May/2019,68.255997,90.134003,,82.755997
27/May/2019,68.255997,90.134003,,82.755997
28/May/2019,69.421997,93.702003,,85.332001
29/May/2019,69.502998,93.366997,,82.922997
30/May/2019,70.586998,97.269997,,86.982002
31/May/2019,69.471001,95.206001,,85.038002
03/Jun/2019,69.713997,94.593002,,87.869003
04/Jun/2019,69.858002,94.815002,,85.755997
05/Jun/2019,68.841003,92.473,,82.964996
06/Jun/2019,69.646004,93.755997,,86.222
07/Jun/2019,68.754997,93.075996,,85.459
10/Jun/2019,69.552002,93.431999,,86.084999
11/Jun/2019,70.210999,96.511002,,87.903999
12/Jun/2019,70.749001,97.345001,,89.610001
13/Jun/2019,71.462997,99.833,,91.123001
14/Jun/2019,71.716003,102.174,,91.630997
17/Jun/2019,72.318001,102.898,,91.758003
18/Jun/2019,71.845001,101.561,,90.531998
19/Jun/2019,71.175003,99.498001,,89.052002
20/Jun/2019,71.389999,101.394,,89.897003
21/Jun/2019,70.370003,99.776001,,89.730003
24/Jun/2019,70.573997,100.724,,91.716003
25/Jun/2019,70.870003,101.002,,91.292
26/Jun/2019,70.978996,100.221,,92.390999
27/Jun/2019,71.088997,99.387001,,92.432999
28/Jun/2019,69.730003,94.704002,,89.137001
01/Jul/2019,69.128998,92.640999,,86.515999
02/Jul/2019,68.896004,93.420998,,85.081001
03/Jul/2019,70.084999,97.379997,,86.897003
04/Jul/2019,70.084999,97.379997,,86.897003
05/Jul/2019,70.010002,97.825996,,87.066002
08/Jul/2019,69.612,97.992996,,86.389
09/Jul/2019,69.669998,96.431999,,84.996002
10/Jul/2019,69.855003,96.988998,,85.332001
11/Jul/2019,70.380997,99.052002,,88.165001
12/Jul/2019,70.995003,101.283,,88.418999
15/Jul/2019,70.030998,98.328003,,85.841003
16/Jul/2019,69.546997,97.044998,,85.797997
17/Jul/2019,69.521004,97.212997,,85.459
18/Jul/2019,68.529999,94.647003,,83.431
19/Jul/2019,69.471001,96.041,,84.954002
22/Jul/2019,68.815002,94.148003,,82.375
23/Jul/2019,69.327003,94.871002,,82.375
24/Jul/2019,69.528999,94.537003,,84.149002
25/Jul/2019,69.024002,93.309998,,84.445
26/Jul/2019,68.866997,92.418999,,83.855003
29/Jul/2019,68.844002,92.975998,,85.123001
30/Jul/2019,68.153999,91.695,,84.064003
31/Jul/2019,66.925003,89.240997,,82.375
01/Aug/2019,65.824997,87.569,,80.431999
02/Aug/2019,65.908997,89.072998,,82.964996
05/Aug/2019,66.191002,90.356003,,83.600998
06/Aug/2019,65.483002,90.078003,,81.823997
07/Aug/2019,65.830002,90.969002,,82.643997
08/Aug/2019,66.651001,92.283997,,84.377998
09/Aug/2019,66.829002,92.473,,84.650002
12/Aug/2019,64.563004,86.899002,,80.362
13/Aug/2019,63.493999,83.946999,,80.431999
14/Aug/2019,63.415001,82.554001,,80.852997
15/Aug/2019,63.193001,82.718002,,80.220001
16/Aug/2019,63.398998,84.892998,,80.725998
19/Aug/2019,62.988998,83.499001,,79.880997
20/Aug/2019,62.900002,82.219002,,78.866997
21/Aug/2019,62.984001,82.554001,,79.121002
22/Aug/2019,63.122002,82.718002,,79.753998
23/Aug/2019,62.382999,81.995003,,80.767998
26/Aug/2019,63.034,82.105003,,80.347
27/Aug/2019,62.640999,81.660004,,80.598
28/Aug/2019,62.897999,82.718002,,80.347
29/Aug/2019,62.945,82.775002,,79.922997
30/Aug/2019,62.452999,82.440002,,78.189003
02/Sep/2019,62.452999,82.440002,,78.189003
03/Sep/2019,62.133999,80.489998,,76.668999
04/Sep/2019,62.306999,79.933998,,77.894997
05/Sep/2019,62.132,79.987999,,78.824997
06/Sep/2019,61.389,79.264,,78.401001
09/Sep/2019,61.533001,78.986,,80.220001
10/Sep/2019,62.610001,80.600998,,81.529999
11/Sep/2019,62.736,80.265999,,80.725998
12/Sep/2019,64.156998,81.884003,,81.781998
13/Sep/2019,64.746002,82.219002,,81.739998
16/Sep/2019,65.498001,83.388,,82.628998
17/Sep/2019,64.792999,82.051003,,81.866997
18/Sep/2019,65.083,82.775002,,82.755997
19/Sep/2019,65.116997,83.110001,,82.501999
20/Sep/2019,64.675003,82.664001,,81.866997
23/Sep/2019,65.422997,83.221001,,81.654999
24/Sep/2019,65.547997,83.556,,81.445999
25/Sep/2019,65.863998,83.445,,80.682999
26/Sep/2019,65.883003,83.053001,,81.866997
27/Sep/2019,66.033997,82.832001,,82.375
30/Sep/2019,67.264999,86.510002,,83.813004
01/Oct/2019,67.370003,87.514999,,84.318001
02/Oct/2019,66.983002,86.453003,,82.670998
03/Oct/2019,66.941002,86.678001,,82.628998
04/Oct/2019,66.693001,85.786003,,82.922997
07/Oct/2019,66.358002,86.286003,,82.713997
08/Oct/2019,67.189003,88.238998,,84.571999
09/Oct/2019,67.482002,87.903999,,84.571999
10/Oct/2019,66.661003,84.781998,,83.347
11/Oct/2019,68.169998,88.683998,,85.883003
14/Oct/2019,68.389,88.683998,,86.389
15/Oct/2019,68.439003,87.68,,85.713997
16/Oct/2019,68.320999,87.347,,86.769997
17/Oct/2019,68.477997,88.014,,88.839996
18/Oct/2019,68.464996,87.18,,89.982002
21/Oct/2019,68.059998,86.343002,,88.503998
22/Oct/2019,67.778,86.510002,,87.571999
23/Oct/2019,68.033997,86.453003,,88.038002
24/Oct/2019,67.709999,86.232002,,87.236
25/Oct/2019,67.903,86.232002,,87.529999
28/Oct/2019,67.872002,85.619003,,86.515999
29/Oct/2019,67.750999,86.121002,,86.473
30/Oct/2019,68.272003,87.123001,,86.095001
31/Oct/2019,68.158997,86.956001,,86.010002
01/Nov/2019,68.532997,86.788002,,87.236
04/Nov/2019,68.223999,85.452003,,86.179001
05/Nov/2019,68.569,85.116997,,87.109001
06/Nov/2019,68.072998,84.446999,,87.362999
07/Nov/2019,68.325996,84.046997,,86.805
08/Nov/2019,68.831001,84.938004,,86.532997
11/Nov/2019,68.847,84.392998,,85.985001
12/Nov/2019,69.959999,85.786003,,88.045998
13/Nov/2019,69.823997,85.619003,,86.855003
14/Nov/2019,69.807999,85.786003,,86.389
15/Nov/2019,69.411003,84.892998,,85.543999
18/Nov/2019,69.108002,84.114998,,86.346001
19/Nov/2019,69.178001,84.892998,,87.109001
20/Nov/2019,68.890999,84.114998,,87.698997
21/Nov/2019,68.778999,84.503998,,86.557999
22/Nov/2019,68.796997,84.392998,,87.698997
25/Nov/2019,69.487,84.892998,,90.109001
26/Nov/2019,69.273003,84.335999,,89.769997
27/Nov/2019,69.042999,83.221001,,89.052002
28/Nov/2019,69.042999,83.221001,,89.052002
29/Nov/2019,69.671997,85.005997,,91.588997
02/Dec/2019,69.185997,85.172997,,90.489998
03/Dec/2019,69.194,85.005997,,88.797997
04/Dec/2019,69.111,84.392998,,89.179001
05/Dec/2019,69.040001,84.000999,,88.545998
06/Dec/2019,69.292999,84.000999,,88.670998
09/Dec/2019,69.311996,83.779999,,88.376999
10/Dec/2019,69.733002,84.057999,,88.545998
11/Dec/2019,69.482002,82.775002,,87.783997
12/Dec/2019,70.267998,84.224998,,89.644997
13/Dec/2019,70.780998,84.948997,,90.024002
16/Dec/2019,71.752998,86.510002,,92.942001
17/Dec/2019,71.742996,86.956001,,94.040001
18/Dec/2019,71.471001,86.286003,,92.686996
19/Dec/2019,71.332001,86.175003,,92.179001
20/Dec/2019,71.411003,86.453003,,91.672997
23/Dec/2019,71.250999,86.678001,,91.207001
24/Dec/2019,71.382004,86.399002,,91.461998
25/Dec/2019,71.382004,86.399002,,91.461998
26/Dec/2019,71.777,86.621002,,92.814003
27/Dec/2019,72.119003,86.956001,,94.040001
30/Dec/2019,72.25,86.567001,,93.998001
31/Dec/2019,72.183998,86.453003,,94.460999
01/Jan/2020,72.183998,86.453003,,94.460999
02/Jan/2020,72.186996,87.291,,94.714996
03/Jan/2020,71.323997,86.175003,,93.744003
06/Jan/2020,71.681999,85.786003,,92.984001
07/Jan/2020,71.565002,85.730003,,93.026001
08/Jan/2020,71.693001,85.672997,,93.446999
09/Jan/2020,71.990997,85.452003,,95.054001
10/Jan/2020,72.612999,86.008003,,95.435997
13/Jan/2020,72.582001,86.845001,,95.054001
14/Jan/2020,73.110001,86.734001,,96.111
15/Jan/2020,72.958,86.399002,,96.913002
16/Jan/2020,71.954002,83.723,,95.559998
17/Jan/2020,72.894997,86.788002,,96.449997
20/Jan/2020,72.894997,86.788002,,96.449997
21/Jan/2020,72.808998,86.399002,,98.307999
22/Jan/2020,72.811996,86.678001,,97.675003
23/Jan/2020,72.676003,87.792999,,98.139
24/Jan/2020,71.849998,86.343002,,96.955002
27/Jan/2020,70.727997,84.838997,,96.744003
28/Jan/2020,70.995003,86.175003,,96.322998
29/Jan/2020,70.331001,85.672997,,95.054001
30/Jan/2020,69.704002,84.613998,,94.758003
31/Jan/2020,69.105003,85.005997,,93.616997
03/Feb/2020,69.275002,84.446999,,93.913002
04/Feb/2020,69.421997,85.226997,,94.209999
05/Feb/2020,69.292999,84.892998,,95.012001
06/Feb/2020,69.482002,84.559998,,94.040001
07/Feb/2020,69.994003,85.730003,,94.393997
10/Feb/2020,69.814003,85.541,,93.288002
11/Feb/2020,69.497002,85.273003,,91.833
12/Feb/2020,69.946999,86.153999,,92.695
13/Feb/2020,69.910004,85.786003,,92.097
14/Feb/2020,69.968002,85.172997,,91.545998
17/Feb/2020,69.968002,85.172997,,91.545998
18/Feb/2020,70.947998,86.399002,,95.519997
19/Feb/2020,71.154999,85.897003,,95.097
20/Feb/2020,70.542999,85.341003,,94.545998
21/Feb/2020,70.329002,84.892998,,93.32
24/Feb/2020,68.648003,83.890999,,90.404999
25/Feb/2020,68.431,83.946999,,90.786003
26/Feb/2020,68.278999,83.499001,,90.574997
27/Feb/2020,67.113998,82.051003,,89.179001
28/Feb/2020,66.648003,82.105003,,88.755997
02/Mar/2020,67.425003,83.723,,88.461998
03/Mar/2020,67.837997,85.005997,,89.137001
04/Mar/2020,67.874001,85.839996,,87.614998
05/Mar/2020,67.238998,85.116997,,87.698997
06/Mar/2020,66.446999,83.834,,87.194
09/Mar/2020,65.399002,83.110001,,87.698997
10/Mar/2020,66.481003,84.168999,,88.292
11/Mar/2020,65.699997,83.499001,,86.684998
12/Mar/2020,63.964001,81.549004,,85.459
13/Mar/2020,62.870998,81.549004,,85.543999
16/Mar/2020,60.679001,79.097,,84.191002
17/Mar/2020,61.063,76.698997,,84.403
18/Mar/2020,60.299999,74.749001,,85.925003
19/Mar/2020,61.987999,77.033997,,90.446999
20/Mar/2020,62.5,76.644997,,91.165001
23/Mar/2020,63.956001,76.587997,,95.097
24/Mar/2020,65.126999,77.425003,,94.927002
25/Mar/2020,65.476997,77.703003,,98.054001
26/Mar/2020,64.389999,77.760002,,96.195
27/Mar/2020,63.096001,77.147003,,96.577003
30/Mar/2020,62.375,76.085999,,96.279999
31/Mar/2020,62.737999,75.974998,,96.153
01/Apr/2020,60.637001,74.638,,93.026001
02/Apr/2020,59.564999,74.360001,,91.588997
03/Apr/2020,58.869999,73.744003,,92.857002
06/Apr/2020,59.236,73.077003,,93.956001
07/Apr/2020,60.174,74.167999,,92.796997
08/Apr/2020,60.563999,74.068001,,92.705002
09/Apr/2020,60.641998,74.638,,94.181999
10/Apr/2020,60.641998,74.638,,94.181999
13/Apr/2020,59.706001,74.760002,,93.896004
14/Apr/2020,59.659,74.079002,,92.942001
15/Apr/2020,59.412998,72.852997,,91.376999
16/Apr/2020,59.181,72.741997,,89.688004
17/Apr/2020,59.479,73.412003,,90.236
20/Apr/2020,59.518002,71.850998,,92.559998
21/Apr/2020,59.194,70.736,,92.348999
22/Apr/2020,59.556999,72.406998,,91.927002
23/Apr/2020,59.845001,72.685997,,92.097
24/Apr/2020,59.063,72.017998,,89.688004
27/Apr/2020,58.831001,69.844002,,88.712997
28/Apr/2020,59.074001,69.566002,,88.925003
29/Apr/2020,59.108002,70.123001,,87.320999
30/Apr/2020,60.335999,71.348999,,88.628998
01/May/2020,60.662998,71.014,,87.320999
04/May/2020,60.587002,70.344002,,87.825996
05/May/2020,60.548,70.679001,,88.038002
06/May/2020,60.650002,70.066002,,87.487999
07/May/2020,61.486,70.903,,88.334999
08/May/2020,61.761002,71.181,,88.25
11/May/2020,61.165001,71.014,,87.447998
12/May/2020,61.841999,71.850998,,86.982002
13/May/2020,60.841,70.959999,,84.827003
14/May/2020,60.654999,70.792,,84.911003
15/May/2020,60.686001,71.181,,84.571999
18/May/2020,60.987,71.515999,,84.022003
19/May/2020,60.948002,71.626999,,84.318001
20/May/2020,61.043999,71.237999,,86.855003
21/May/2020,60.956001,70.846001,,87.236
22/May/2020,60.502998,70.903,,86.010002
25/May/2020,60.502998,70.903,,86.010002
26/May/2020,61.400002,71.125,,85.670998
27/May/2020,61.463001,71.459,,85.290001
28/May/2020,61.674,73.019997,,86.982002
29/May/2020,61.660999,72.632004,,88.038002
01/Jun/2020,61.417999,72.071999,,87.109001
02/Jun/2020,61.023998,72.296997,,85.883003
03/Jun/2020,61.389,72.239998,,86.557999
04/Jun/2020,62.074001,73.355003,,88.545998
05/Jun/2020,62.129002,74.046997,,87.278
08/Jun/2020,62.223,74.816002,,86.862
09/Jun/2020,62.139999,73.758003,,85.925003
10/Jun/2020,62.116001,73.723,,86.296997
11/Jun/2020,61.907001,74.692001,,85.501999
12/Jun/2020,61.757999,74.581001,,85.841003
15/Jun/2020,61.782001,74.414001,,86.179001
16/Jun/2020,61.580002,74.525002,,84.741997
17/Jun/2020,61.583,74.692001,,83.515999
18/Jun/2020,61.294998,74.806,,82.628998
19/Jun/2020,61.250999,75.194,,82.036003
22/Jun/2020,60.987,74.247002,,82.755997
23/Jun/2020,61.140999,73.355003,,83.008003
24/Jun/2020,60.662998,72.910004,,82.121002
25/Jun/2020,60.469002,71.459,,82.543999
26/Jun/2020,59.606998,71.181,,80.431999
29/Jun/2020,60.424999,73.299004,,82.248001
30/Jun/2020,61.374001,76.141998,,83.135002
01/Jul/2020,62.362,78.149002,,84.318001
02/Jul/2020,62.181,76.587997,,83.177002
03/Jul/2020,62.181,76.587997,,83.177002
06/Jul/2020,62.348999,77.258003,,83.389
07/Jul/2020,62.296001,76.587997,,83.727997
08/Jul/2020,62.754002,77.200996,,87.320999
09/Jul/2020,63.256001,77.760002,,88.755997
10/Jul/2020,62.958,75.194,,90.278
13/Jul/2020,62.362,73.299004,,88.712997
14/Jul/2020,61.998001,72.685997,,89.052002
15/Jul/2020,62.916,72.741997,,93.111
16/Jul/2020,63.339001,73.633003,,90.489998
17/Jul/2020,63.474998,74.247002,,90.404999
20/Jul/2020,62.824001,73.188004,,88.25
21/Jul/2020,62.750999,71.961998,,89.222
22/Jul/2020,63.273998,73.019997,,90.362999
23/Jul/2020,63.083,73.130997,,89.517998
24/Jul/2020,63.041,72.741997,,91.207001
27/Jul/2020,62.908001,72.463997,,89.222
28/Jul/2020,62.602001,71.348999,,88.503998
29/Jul/2020,62.783001,70.344002,,90.066002
30/Jul/2020,62.897999,70.401001,,89.517998
31/Jul/2020,63.528,70.457001,,89.811996
03/Aug/2020,63.412998,70.792,,88.081001
04/Aug/2020,62.673,68.728996,,85.925003
05/Aug/2020,62.798,69.342003,,86.346001
06/Aug/2020,62.587002,69.399002,,84.741997
07/Aug/2020,62.234001,69.195999,,84.039001
10/Aug/2020,62.695999,70.344002,,83.600998
11/Aug/2020,63,71.059998,,84.571999
12/Aug/2020,63.462002,72.397003,,84.234001
13/Aug/2020,64.711998,75.528999,,85.628998
14/Aug/2020,64.709,75.362,,86.137001
17/Aug/2020,65.485001,76.865997,,88.968002
18/Aug/2020,64.996002,76.198997,,87.487999
19/Aug/2020,65.406998,75.752998,,88.25
20/Aug/2020,65.472,75.639999,,89.348999
21/Aug/2020,65.370003,75.917999,,90.446999
24/Aug/2020,65.309998,76.922997,,89.222
25/Aug/2020,66.301003,79.040001,,90.531998
26/Aug/2020,66.125999,78.986,,91.25
27/Aug/2020,66.741997,79.933998,,93.111
28/Aug/2020,66.530998,80.098999,,92.772003
31/Aug/2020,66.726997,79.766998,,93.362999
01/Sep/2020,67.209999,79.820999,,95.350998
02/Sep/2020,67.080002,79.987999,,94.378998
03/Sep/2020,66.790001,78.873001,,93.531998
04/Sep/2020,67.019997,79.820999,,93.026001
07/Sep/2020,67.019997,79.820999,,93.026001
08/Sep/2020,67.311996,80.657997,,92.012001
09/Sep/2020,67.353996,80.322998,,91.927002
10/Sep/2020,68.123001,81.382004,,92.686996
11/Sep/2020,68.751999,82.162003,,91.630997
14/Sep/2020,68.941002,82.386002,,92.264
15/Sep/2020,68.626999,81.606003,,90.996002
16/Sep/2020,69.089996,82.886002,,91.630997
17/Sep/2020,69.836998,83.666,,94.040001
18/Sep/2020,70.598,84.392998,,97.209
21/Sep/2020,69.139,82.440002,,93.786003
22/Sep/2020,69.379997,82.330002,,94.336998
23/Sep/2020,69.183998,82.162003,,92.814003
24/Sep/2020,68.925003,81.046997,,92.942001
25/Sep/2020,68.925003,81.438004,,92.012001
28/Sep/2020,68.847,81.773003,,93.026001
29/Sep/2020,68.825996,81.328003,,92.899002
30/Sep/2020,70.472,84.503998,,97.718002
01/Oct/2020,70.302002,85.341003,,96.406998
02/Oct/2020,70.106003,84.670998,,96.913002
05/Oct/2020,70.477997,84.613998,,98.774002
06/Oct/2020,71.343002,85.839996,,100.209
07/Oct/2020,72.238998,86.678001,,102.703
08/Oct/2020,71.952003,86.286003,,100.633
09/Oct/2020,72.473999,88.070999,,100.379
12/Oct/2020,71.536003,86.734001,,100.463
13/Oct/2020,71.813004,87.234001,,100.421
14/Oct/2020,72.344002,88.405998,,100.887
15/Oct/2020,73.219002,90.021004,,104.522
16/Oct/2020,73.078003,89.632004,,105.706
19/Oct/2020,73.167,90.356003,,106
20/Oct/2020,73.316002,91.136002,,106.847
21/Oct/2020,73.448997,92.251999,,106.466
22/Oct/2020,73.18,92.807999,,105.282
23/Oct/2020,73.619003,93.477997,,106.974
26/Oct/2020,73.393997,93.142998,115.775,104.819
27/Oct/2020,73.264,92.753998,116.147,104.099
28/Oct/2020,72.176003,89.521004,115.868,102.915
29/Oct/2020,72.003998,88.851997,115.914,102.07
30/Oct/2020,71.983002,88.851997,115.077,101.183
02/Nov/2020,72.373001,88.627998,114.425,102.703
03/Nov/2020,72.540001,89.407997,114.007,102.788
04/Nov/2020,73.013,90.356003,114.286,102.452
05/Nov/2020,73.571999,91.247002,115.682,103
06/Nov/2020,73.422997,91.003998,115.542,102.011
09/Nov/2020,74.251999,91.550003,115.309,101.555
10/Nov/2020,75.535004,95.385002,115.775,103.66
11/Nov/2020,75.384003,94.772003,115.775,102.18
12/Nov/2020,75.109001,93.253998,114.239,100.972
13/Nov/2020,74.803001,93.535004,115.123,101.774
16/Nov/2020,75.444,94.593002,114.286,102.24
17/Nov/2020,75.972,95.150002,114.751,101.943
18/Nov/2020,76.359001,95.987,115.868,102.534
19/Nov/2020,75.470001,95.260002,115.775,101.226
20/Nov/2020,75.725998,95.484001,116.007,101.353
23/Nov/2020,76.598999,96.599998,115.775,102.198
24/Nov/2020,76.875999,96.431999,115.309,104.395
25/Nov/2020,76.101997,95.317001,115.821,100.845
26/Nov/2020,76.101997,95.317001,115.821,100.845
27/Nov/2020,76.774002,96.710999,117.962,102.452
30/Nov/2020,75.653,94.982002,116.845,98.901001
01/Dec/2020,75.142998,93.813004,116.612,97.591003
02/Dec/2020,75.467003,94.483002,115.868,99.491997
03/Dec/2020,75.397003,95.096001,114.704,98.817001
04/Dec/2020,74.740997,93.755997,113.774,97.293999
07/Dec/2020,74.627998,94.537003,114.9,97.633003
08/Dec/2020,74.124001,93.588997,115.384,96.364998
09/Dec/2020,75.045998,94.483002,116.054,98.605003
10/Dec/2020,75.274002,93.924004,116.705,100.845
11/Dec/2020,75.857002,94.426003,117.776,103.887
14/Dec/2020,75.692001,94.537003,117.264,100.845
15/Dec/2020,76.033997,94.704002,116.333,101.393
16/Dec/2020,76.269997,95.260002,116.426,101.183
17/Dec/2020,77.089996,96.431999,118.706,102.915
18/Dec/2020,77.383003,97.547997,118.567,102.83
21/Dec/2020,77.738998,98.103996,116.38,103.339
22/Dec/2020,77.885002,98.885002,116.426,104.31
23/Dec/2020,78.890999,99.722,116.845,106.466
24/Dec/2020,79.066002,100.556,115.821,106
25/Dec/2020,79.066002,100.556,115.821,106
28/Dec/2020,78.910004,101.782,114.472,103.844
29/Dec/2020,79.777,103.902,115.961,104.564
30/Dec/2020,80.811996,105.796,116.24,108.324
31/Dec/2020,81.732002,107.916,118.101,108.284
01/Jan/2021,81.732002,107.916,118.101,108.284
04/Jan/2021,81.517998,107.859,118.427,108.536
05/Jan/2021,82.898003,109.644,117.357,110.567
06/Jan/2021,82.830002,110.368,118.101,109.465
07/Jan/2021,82.347,110.144,118.194,108.578
08/Jan/2021,82.639,110.646,117.822,107.988
11/Jan/2021,82.450996,109.755,117.078,107.31
12/Jan/2021,84.584,115.329,119.544,112.425
13/Jan/2021,85.059998,116.944,122.103,111.665
14/Jan/2021,86.372002,119.118,122.429,113.27
15/Jan/2021,86.394997,118.505,122.057,114.199
18/Jan/2021,86.394997,118.505,122.057,114.199
19/Jan/2021,85.75,117.279,122.801,113.651
20/Jan/2021,85.439003,116.388,122.941,112.891
21/Jan/2021,85.606003,116.89,123.267,111.708
22/Jan/2021,83.849998,111.594,123.546,107.268
25/Jan/2021,85.001999,114.046,123.174,109.635
26/Jan/2021,86.471001,118.672,123.825,112.468
27/Jan/2021,86.278,119.064,125.221,111.284
28/Jan/2021,85.657997,119.175,124.616,109.383
29/Jan/2021,86.68,121.962,125.268,112.086
01/Feb/2021,86.440002,122.464,124.151,110.058
02/Feb/2021,86.327003,121.071,124.337,109.002
03/Feb/2021,86.942001,123.077,121.824,109.592
04/Feb/2021,86.973,122.632,121.219,107.776
05/Feb/2021,87.103996,122.251,121.489,108.561
08/Feb/2021,88.290001,125.54,121.675,111.115
09/Feb/2021,88.136002,123.758,121.759,110.26
10/Feb/2021,86.382004,118.861,121.917,108.182
11/Feb/2021,87.003998,120.344,122.615,108.03
12/Feb/2021,87.309998,119.62,121.917,108.409
15/Feb/2021,87.309998,119.62,121.917,108.409
16/Feb/2021,88.820999,122.575,121.033,111.832
17/Feb/2021,88.282997,122.799,121.359,109.55
18/Feb/2021,88.600998,122.407,121.08,112.468
19/Feb/2021,88.352997,120.792,122.383,110.818
22/Feb/2021,89.527,122.742,122.848,113.228
23/Feb/2021,89.643997,123.188,122.383,113.312
24/Feb/2021,90.901001,124.192,122.569,115.891
25/Feb/2021,89.920998,122.575,121.964,114.242
26/Feb/2021,88.719002,122.072,121.405,111.623
01/Mar/2021,87.918999,120.012,121.778,109.931
02/Mar/2021,88.613998,121.516,124.244,112.637
03/Mar/2021,87.934998,119.342,125.268,110.903
04/Mar/2021,87.492996,118.729,124.29,110.058
05/Mar/2021,88.449997,121.627,123.081,110.397
08/Mar/2021,88.609001,121.962,123.313,109.298
09/Mar/2021,88.902,121.684,122.755,110.988
10/Mar/2021,88.200996,119.064,121.173,110.312
11/Mar/2021,88.858002,120.066,121.126,108.621
12/Mar/2021,88.796997,120.177,120.893,107.945
15/Mar/2021,89.485001,122.518,120.428,109.044
16/Mar/2021,90.010002,123.579,121.08,109.383
17/Mar/2021,89.955002,124.414,122.987,108.2
18/Mar/2021,88.308998,121.851,121.266,106.593
19/Mar/2021,88.710999,124.357,122.336,106.002
22/Mar/2021,88.217003,122.407,122.987,106.042
23/Mar/2021,88.633003,122.91,122.941,107.31
24/Mar/2021,88.723999,123.355,124.663,105.621
25/Mar/2021,87.841003,121.851,122.383,103.55
26/Mar/2021,88.394997,123.188,121.778,103.675
29/Mar/2021,88.149002,121.905,123.453,104.268
30/Mar/2021,87.153,120.233,123.034,101.732
31/Mar/2021,89.189003,125.807,122.662,104.48
01/Apr/2021,88.308998,124.806,122.057,103.296
02/Apr/2021,88.308998,124.806,122.057,103.296
05/Apr/2021,88.488998,123.355,122.476,104.48
06/Apr/2021,88.807999,123.579,122.196,104.056
07/Apr/2021,89.291,124.973,122.569,104.183
08/Apr/2021,90.486,128.47301,122.466,106.356
09/Apr/2021,90.362999,127.414,122.792,108.105
12/Apr/2021,89.221001,125.127,123.369,106.5
13/Apr/2021,89.778,126.912,124.207,106.974
14/Apr/2021,91.185997,129.20799,125.128,109.931
15/Apr/2021,91.170998,128.595,124.104,110.818
16/Apr/2021,90.818001,127.925,122.522,110.734
19/Apr/2021,91.231003,129.43201,122.289,110.524
20/Apr/2021,92.586998,131.995,122.289,111.792
21/Apr/2021,93.391998,135.22701,122.522,114.115
22/Apr/2021,95.332001,140.802,127.222,120.117
23/Apr/2021,95.855003,141.026,127.78,120.413
26/Apr/2021,98.105003,146.60001,126.012,125.02
27/Apr/2021,98.002998,145.92999,125.035,123.879
28/Apr/2021,97.080002,143.589,125.407,122.19
29/Apr/2021,96.832001,144.537,127.408,123.246
30/Apr/2021,98.549004,150.11099,127.455,124.218
03/May/2021,98.278,151.504,127.873,121.385
04/May/2021,99.170998,155.35001,131.55,122.865
05/May/2021,100.724,157.97,134.155,125.865
06/May/2021,101.952,160.257,132.155,127.345
07/May/2021,102.849,163.26601,134.853,128.782
10/May/2021,101.422,158.696,132.248,123.498
11/May/2021,102.635,161.035,130.94501,125.401
12/May/2021,102.355,159.36301,130.66499,123.373
13/May/2021,98.656998,150.446,127.082,118.597
14/May/2021,97.232002,143.535,126.617,119.568
17/May/2021,97.454002,145.48399,125.221,118.3
18/May/2021,98.068001,146.767,124.244,118.004
19/May/2021,97.120003,146.767,124.383,114.835
20/May/2021,97.235001,148.161,123.592,114.157
21/May/2021,97.290001,147.045,122.708,113.99
24/May/2021,96.724998,146.543,122.383,111.959
25/May/2021,95.334,138.293,122.848,110.988
26/May/2021,95.033997,139.241,122.755,109.635
27/May/2021,97.721001,148.161,123.174,114.326
28/May/2021,97.318001,146.43201,123.778,112.171
31/May/2021,97.318001,146.43201,123.778,112.171
01/Jun/2021,99.419998,153.56799,123.639,117.244
02/Jun/2021,99.122002,150.502,123.872,116.23
03/Jun/2021,98.066002,147.60201,123.732,114.326
04/Jun/2021,99.788002,152.228,123.872,116.272
07/Jun/2021,98.387001,148.85201,124.039,115.181
08/Jun/2021,98.189003,146.978,123.369,116.262
09/Jun/2021,97.699997,146.15401,123.369,116.026
10/Jun/2021,97.480003,145.017,122.569,116.407
11/Jun/2021,96.205002,140.41299,122.15,115.933
14/Jun/2021,94.144997,133.44501,118.986,114.792
15/Jun/2021,93.528,131.938,116.985,112.595
16/Jun/2021,92.925003,131.214,117.543,112.552
17/Jun/2021,88.719002,122.297,116.473,108.705
18/Jun/2021,91.015999,128.76199,120.056,112.552
21/Jun/2021,90.657997,127.368,121.173,112.425
22/Jun/2021,89.753998,123.299,125.268,110.734
23/Jun/2021,89.750999,122.853,127.082,112.213
24/Jun/2021,89.234001,122.464,126.152,110.228
25/Jun/2021,88.343002,118.227,125.733,108.324
28/Jun/2021,90.459999,124.471,125.268,110.143
29/Jun/2021,90.483002,124.692,126.291,109.256
30/Jun/2021,93.722,133.612,125.407,114.877
01/Jul/2021,93.250999,134.16901,125.314,112.51
02/Jul/2021,92.454002,131.995,122.336,110.355
05/Jul/2021,92.454002,131.995,122.336,110.355
06/Jul/2021,89.309998,123.077,119.311,105.833
07/Jul/2021,88.75,121.014,119.963,105.197
08/Jul/2021,87.978996,119.677,118.799,104.48
09/Jul/2021,87.804001,118.059,119.73,103.971
12/Jul/2021,89.302002,121.57,120.009,108.324
13/Jul/2021,89.586998,122.91,121.498,107.143
14/Jul/2021,90.877998,126.699,122.289,110.609
15/Jul/2021,91.170998,125.807,122.987,113.609
16/Jul/2021,91.649002,123.968,123.127,117.074
19/Jul/2021,90.880997,123.968,121.359,117.961
20/Jul/2021,92.237,127.479,122.755,118.427
21/Jul/2021,92.966003,127.479,123.872,120.159
22/Jul/2021,92.464996,125.864,126.012,117.032
23/Jul/2021,91.753998,122.018,126.71,115.637
26/Jul/2021,92.496002,122.575,126.059,114.453
27/Jul/2021,92.206001,122.351,125.454,114.032
28/Jul/2021,92.461998,122.464,127.129,116.439
29/Jul/2021,93.068001,124.414,127.315,119.23
30/Jul/2021,91.610001,121.962,127.315,118.975
02/Aug/2021,92.817001,124.581,125.593,123.331
03/Aug/2021,92.432999,122.742,124.709,122.484
04/Aug/2021,92.078003,121.684,122.801,121.258
05/Aug/2021,92.248001,123.912,123.639,120.498
06/Aug/2021,92.811996,123.812,124.486,122.035
09/Aug/2021,92.177002,122.999,125.658,121.19
10/Aug/2021,93.236,122.999,127.064,124.175
11/Aug/2021,93.653999,124.56,127.073,124.564
12/Aug/2021,95.300003,127.814,128.478,129.28799
13/Aug/2021,95.851997,127.757,128.52499,130.895
16/Aug/2021,96.009003,126.812,128.618,131.022
17/Aug/2021,94.887001,125.64,127.594,126.542
18/Aug/2021,95.268997,125.975,125.733,127.006
19/Aug/2021,93.591003,122.799,124.802,125.571
20/Aug/2021,92.611,119.731,125.733,123.119
23/Aug/2021,92.956001,119.399,126.896,124.006
24/Aug/2021,93.765999,121.57,126.71,123.794
25/Aug/2021,93.980003,123.02,126.524,122.653
26/Aug/2021,94.042999,122.799,126.105,124.978
27/Aug/2021,94.390999,123.466,125.221,123.836
30/Aug/2021,93.572998,121.014,125.081,122.314
31/Aug/2021,92.505997,119.118,124.57,122.105
01/Sep/2021,91.821999,116.555,123.22,120.752
02/Sep/2021,91.957001,117.168,123.778,121.215
03/Sep/2021,91.981003,116.833,123.872,122.78
06/Sep/2021,91.981003,116.833,123.872,122.78
07/Sep/2021,90.860001,113.879,124.104,121.681
08/Sep/2021,90.428001,113.768,123.965,119.947
09/Sep/2021,89.643997,113.711,123.872,117.032
10/Sep/2021,89.573997,115.383,125.454,116.399
13/Sep/2021,89.093002,114.438,126.105,116.145
14/Sep/2021,89.946999,115.996,126.896,118.47
15/Sep/2021,91.057999,118.951,128.339,120.413
16/Sep/2021,90.983002,118.059,127.362,120.54
17/Sep/2021,90.422997,117.557,128.246,119.823
20/Sep/2021,89.386002,116.331,127.734,118.47
21/Sep/2021,89.126999,115.272,128.897,116.693
22/Sep/2021,90.219002,117.168,129.22301,119.314
23/Sep/2021,91.198997,118.005,128.711,121.342
24/Sep/2021,91.308998,117.446,129.36301,122.356
27/Sep/2021,92.085999,120.29,130.24699,122.105
28/Sep/2021,91.737999,118.729,129.642,119.441
29/Sep/2021,92.061996,120.177,128.478,120.074
30/Sep/2021,92.500999,119.677,127.641,122.653
01/Oct/2021,93.277,120.736,126.71,127.683
04/Oct/2021,93.117996,120.568,126.012,127.895
05/Oct/2021,92.93,119.844,125.873,125.907
06/Oct/2021,92.773003,118.672,126.664,126.119
07/Oct/2021,93.242996,119.064,129.31599,125.316
08/Oct/2021,93.075996,118.283,128.869,124.091
11/Oct/2021,92.876999,118.84,129.80901,123.709
12/Oct/2021,91.910004,116.498,129.632,124.091
13/Oct/2021,90.734001,114.214,130.85201,121.512
14/Oct/2021,91.333,115.218,131.45599,122.526
15/Oct/2021,92.167,117.225,131.36301,124.091
18/Oct/2021,92.278999,118.783,131.36301,124.472
19/Oct/2021,91.994003,118.227,130.15401,124.429
20/Oct/2021,92.989998,120.233,129.13,126.669
21/Oct/2021,91.658997,118.672,128.66499,125.316
22/Oct/2021,92.232002,119.955,127.966,127.81
25/Oct/2021,92.903999,119.955,127.222,128.401
26/Oct/2021,93.285004,121.181,126.012,127.175
27/Oct/2021,93.922997,124.247,126.198,128.44299
28/Oct/2021,94.573997,125.473,126.291,130.59801
29/Oct/2021,94.720001,126.699,126.245,130.64101
01/Nov/2021,95.959,129.097,125.407,134.784
02/Nov/2021,95.574997,127.757,123.592,133.81
03/Nov/2021,95.259003,125.751,123.546,132.036
04/Nov/2021,94.685997,124.692,125.128,130.81
05/Nov/2021,94.399002,123.712,126.105,130.033
08/Nov/2021,94.412003,123.812,126.524,130.73599
09/Nov/2021,95.410004,124.959,128.38499,132.806
10/Nov/2021,96.750999,128.616,129.269,137.37801
11/Nov/2021,97.545998,128.873,130.85201,139.349
12/Nov/2021,98.324997,130.43401,131.36301,140.06599
15/Nov/2021,98.623001,130.21201,131.689,141.46201
16/Nov/2021,98.196999,128.76199,132.015,138.629
17/Nov/2021,99.383003,129.653,133.737,140.826
18/Nov/2021,98.981003,129.151,135.784,140.44701
19/Nov/2021,99.029999,128.651,135.55099,141.03799
22/Nov/2021,100.091,130.26601,135.36501,144.97
23/Nov/2021,100.962,131.16,134.155,146.659
24/Nov/2021,100.708,130.547,134.57401,143.744
25/Nov/2021,100.708,130.547,134.57401,143.744
26/Nov/2021,99.843002,131.938,132.992,142.052
29/Nov/2021,98.466003,129.821,133.039,139.00999
30/Nov/2021,96.053001,126.531,130.619,133.092
01/Dec/2021,96.372002,127.425,129.828,133.64301
02/Dec/2021,97.681999,128.595,130.479,137.784
03/Dec/2021,97.927002,130.21201,130.89799,135.883
06/Dec/2021,98.092003,130.099,130.526,136.304
07/Dec/2021,97.959,130.658,129.995,136.685
08/Dec/2021,97.802002,130.936,129.604,134.31799
09/Dec/2021,97.545998,131.938,129.967,131.319
10/Dec/2021,97.901001,131.549,130.675,132.754
13/Dec/2021,97.778,130.43401,130.619,133.347
14/Dec/2021,97.932999,131.606,130.10699,133.05
15/Dec/2021,96.647003,130.601,128.99001,127.81
16/Dec/2021,97.736,131.827,130.15401,130.26199
17/Dec/2021,97.681999,132.27299,129.967,131.022
20/Dec/2021,97.054001,131.77299,129.13,131.48801
21/Dec/2021,98.709,133.388,128.897,135.078
22/Dec/2021,99.942001,134.336,131.177,137.61501
23/Dec/2021,100.429,135.06,132.248,137.742
24/Dec/2021,100.429,135.06,132.248,137.742
27/Dec/2021,100.863,137.067,134.89999,135.925
28/Dec/2021,99.657997,134.839,136.203,132.46001
29/Dec/2021,100.355,135.006,137.459,133.177
30/Dec/2021,99.265999,132.886,137.692,131.82401
31/Dec/2021,98.704002,132.27299,138.25,130.304
03/Jan/2022,98.233002,131.382,136.203,128.147
04/Jan/2022,99.707001,135.897,136.761,130.177
05/Jan/2022,99.157997,134.27901,136.52901,128.61301
06/Jan/2022,98.693001,134.614,136.901,126.119
07/Jan/2022,99.380997,135.284,137.41299,128.23199
10/Jan/2022,98.697998,133.72301,135.69099,128.82401
11/Jan/2022,99.480003,134.00101,132.666,130.22
12/Jan/2022,99.605003,133.556,132.62,128.104
13/Jan/2022,98.700996,130.993,132.666,126.246
14/Jan/2022,99.412003,132.94299,135.45799,125.359
17/Jan/2022,99.412003,132.94299,135.45799,125.359
18/Jan/2022,100.306,133.666,135.133,130.008
19/Jan/2022,102.433,136.119,136.38901,134.657
20/Jan/2022,102.771,136.23199,137.459,133.601
21/Jan/2022,102.321,137.401,138.20399,131.867
24/Jan/2022,102.509,138.46001,139.414,135.332
25/Jan/2022,103.176,138.239,139.321,138.29201
26/Jan/2022,103.398,139.8,140.25101,134.403
27/Jan/2022,102.525,139.408,139.228,131.36099
28/Jan/2022,103.688,141.806,139.367,132.923
31/Jan/2022,103.432,139.575,140.158,128.69701
01/Feb/2022,104.765,141.528,141.13499,130.008
02/Feb/2022,104.274,138.795,143.64799,127.641
03/Feb/2022,104.085,137.51199,143.09,127.09
04/Feb/2022,104.804,138.349,142.159,129.036
07/Feb/2022,105.742,141.728,144.25301,130.21001
08/Feb/2022,106.208,141.12601,142.93201,132.011
09/Feb/2022,107.763,144.10201,141.759,133.32201
10/Feb/2022,106.676,142.86501,139.59,131.411
11/Feb/2022,107.462,145.039,143.927,135.925
14/Feb/2022,107.337,146.09801,142.438,136.177
15/Feb/2022,106.244,142.14101,140.298,132.838
16/Feb/2022,107,143.98,140.996,132.923
17/Feb/2022,107.776,144.761,141.27499,136.052
18/Feb/2022,108.069,145.541,141.089,135.925
21/Feb/2022,108.069,145.541,141.089,135.925
22/Feb/2022,110.617,149.94299,143.369,144.125
23/Feb/2022,111.686,151.896,142.811,149.576
24/Feb/2022,112.191,153.90199,143.46201,158.03
25/Feb/2022,107.993,146.20799,143.46201,145.351
28/Feb/2022,111.406,154.013,145.97501,157.903
01/Mar/2022,115.081,161.815,150.62801,166.354
02/Mar/2022,116.394,161.651,150.907,179.034
03/Mar/2022,118.874,166.722,152.257,191.716
04/Mar/2022,120.089,168.17,153.048,204.395
07/Mar/2022,122.068,167.39,151.233,218.76401
08/Mar/2022,122.792,167.892,148.953,217.496
09/Mar/2022,119.418,163.433,147.371,203.127
10/Mar/2022,118.03,168.505,147.883,183.76801
11/Mar/2022,119.444,170.009,147.55701,187.06599
14/Mar/2022,118.994,166.83299,149.83701,185.332
15/Mar/2022,120.487,169.007,150.582,195.13901
16/Mar/2022,117.267,162.763,147.64999,180.76801
17/Mar/2022,118.869,168.22701,146.20799,185.629
18/Mar/2022,118.119,165.383,145.416,179.839
21/Mar/2022,120.738,168.616,148.255,189.222
22/Mar/2022,120.62,167.892,149.13901,189.052
23/Mar/2022,121.13,168.951,148.813,186.939
24/Mar/2022,120.108,166.83299,149,183.558
25/Mar/2022,121.511,168.116,151.28,186.34599
28/Mar/2022,119.71,166.89,148.534,178.69701
29/Mar/2022,117.486,161.929,146.394,171.47
30/Mar/2022,118.827,164.548,148.11501,173.66701
31/Mar/2022,117.708,166.944,149,170.07401
01/Apr/2022,116.069,163.879,148.953,166.439
04/Apr/2022,117.219,167.336,148.58099,170.79401
05/Apr/2022,118.406,169.396,149.23199,176.709
06/Apr/2022,118.022,168.672,148.022,175.526
07/Apr/2022,117.797,168.616,147.752,172.618
08/Apr/2022,119.755,170.69,148.032,178.224
11/Apr/2022,120.387,169.688,147.203,183.58299
12/Apr/2022,122.22,172.407,148.59,187.784
13/Apr/2022,122.766,173.466,149.698,189.558
14/Apr/2022,122.497,174.74899,153.79201,186.728
15/Apr/2022,122.497,174.74899,153.79201,186.728
18/Apr/2022,124.687,179.931,157.09599,190.826
19/Apr/2022,123.487,178.31599,152.629,187.48801
20/Apr/2022,123.898,180.601,152.49001,185.54401
21/Apr/2022,123.085,177.312,154.304,181.994
22/Apr/2022,122.18,175.918,154.02499,181.782
25/Apr/2022,121.323,177.925,155.095,181.31599
26/Apr/2022,121.744,178.705,159.144,185.121
27/Apr/2022,122.086,181.104,158.492,184.48801
28/Apr/2022,122.345,181.382,159.65601,183.558
29/Apr/2022,120.968,181.382,162.634,178.48599
02/May/2022,120.427,179.151,159.74899,178.44299
03/May/2022,119.415,176.812,158.539,176.752
04/May/2022,120.782,177.09,159.144,181.994
05/May/2022,121.558,177.814,158.95799,187.06599
06/May/2022,120.293,174.97,158.16701,187.403
09/May/2022,118.683,172.129,156.817,184.742
10/May/2022,118.722,172.853,157.375,184.742
11/May/2022,120.236,175.80701,158.213,188.16499
12/May/2022,121.517,176.47701,159.842,199.28
13/May/2022,121.979,174.19,161.657,199.06799
16/May/2022,125.973,180.49001,165.89101,210.903
17/May/2022,126.744,178.53799,159.74899,215.976
18/May/2022,124.143,174.24699,156.44501,208.07001
19/May/2022,123.819,174.638,158.07401,202.957
20/May/2022,122.784,173.633,159.74899,197.588
23/May/2022,123.717,175.30499,160.726,201.181
24/May/2022,122.128,172.07201,159.74899,195.22099
25/May/2022,121.95,172.183,158.911,194.12199
26/May/2022,122.28,170.56799,160.772,193.278
27/May/2022,123.09,173.299,162.58701,195.687
30/May/2022,123.09,173.299,162.58701,195.687
31/May/2022,119.35,168.00301,163.285,183.85201
01/Jun/2022,118.289,163.04401,159.47,176.034
02/Jun/2022,119.337,162.82001,157.98,178.909
03/Jun/2022,118.092,162.09599,156.30499,175.82201
06/Jun/2022,119.849,165.55,160.354,184.784
07/Jun/2022,119.261,167.39,158.23199,181.62199
08/Jun/2022,119.425,167.179,158.66,182.612
09/Jun/2022,119.013,166.498,156.659,182.47501
10/Jun/2022,117.619,165.183,153.616,182.916
13/Jun/2022,115.886,162.931,155.60699,183.601
14/Jun/2022,115.128,162.653,157.282,180.093
15/Jun/2022,115.204,162.54201,156.491,179.79601
16/Jun/2022,116.686,165.383,155.65401,184.36099
17/Jun/2022,115.552,164.492,154.49001,176.963
20/Jun/2022,115.552,164.492,154.49001,176.963
21/Jun/2022,112.784,158.13699,153.606,166.905
22/Jun/2022,111.521,156.522,155.282,167.159
23/Jun/2022,107.643,148.66,153.327,160.479
24/Jun/2022,107.878,152.228,152.722,158.32401
27/Jun/2022,106.331,147.43401,153.048,155.11301
28/Jun/2022,107.133,149.33,154.304,158.239
29/Jun/2022,107.256,148.047,156.35201,157.22501
30/Jun/2022,104.684,140.189,155.84,149.44901
01/Jul/2022,102.697,138.18201,152.815,143.026
04/Jul/2022,102.697,138.18201,152.815,143.026
05/Jul/2022,99.425003,132.05099,149.92999,136.431
06/Jul/2022,99.929001,133.72301,150.582,136.00999
07/Jul/2022,101.913,135.786,152.49001,141.41901
08/Jul/2022,104.653,141.19299,153.14101,150.718
11/Jul/2022,103.9,142.028,153.88499,144.8
12/Jul/2022,100.144,132.44,153.09399,137.657
13/Jul/2022,100.321,133.78,152.862,137.06599
14/Jul/2022,99.181999,134.89301,152.629,134.403
15/Jul/2022,99.074997,134.72501,153.79201,131.319
18/Jul/2022,101.472,136.50999,158.86501,137.403
19/Jul/2022,100.52,133.05299,159.702,137.31799
20/Jul/2022,100.327,132.05099,157.701,138.54401
21/Jul/2022,98.777,128.373,158.07401,136.304
22/Jul/2022,97.349998,125.807,156.957,128.31599
25/Jul/2022,98.372002,129.31799,157.562,130.177
26/Jul/2022,100.321,133.11,159.097,135.883
27/Jul/2022,100.753,133.834,159.004,133.601
28/Jul/2022,102.345,137.123,158.399,138.123
29/Jul/2022,102.525,137.401,157.14301,136.558
01/Aug/2022,101.174,135.341,155.049,135.28999
02/Aug/2022,99.608002,131.827,156.119,130.98
03/Aug/2022,99.454002,131.884,158.772,129.121
04/Aug/2022,101.046,134.27901,161.23801,132.28999
05/Aug/2022,101.255,136.054,161.787,131.80701
08/Aug/2022,101.511,135.562,160.92101,133.142
09/Aug/2022,102.162,137.034,159.66499,133.922
10/Aug/2022,103.448,138.02499,159.74899,137.438
11/Aug/2022,104.744,139.967,161.657,139.685
12/Aug/2022,105.392,143.2,162.355,139.052
15/Aug/2022,104.436,140.078,161.564,138.25
16/Aug/2022,102.927,136.065,159.981,135.714
17/Aug/2022,102.564,136.453,157.79401,131.951
18/Aug/2022,101.257,137.291,156.817,126.627
19/Aug/2022,102.423,138.96201,161.703,130.34399
22/Aug/2022,103.401,140.245,162.12199,133.26199
23/Aug/2022,104.862,146.09801,163.937,135.332
24/Aug/2022,105.295,146.543,163.84399,137.48801
25/Aug/2022,104.174,144.92799,163.146,133.38901
26/Aug/2022,105.633,148.104,164.40199,136.13699
29/Aug/2022,106.953,152.285,164.216,142.476
30/Aug/2022,106.067,151.002,165.565,138.67101
31/Aug/2022,105.677,149.498,166.03101,140.575
01/Sep/2022,103.74,146.711,164.495,134.276
02/Sep/2022,104.472,148.439,164.40199,137.10899
05/Sep/2022,104.472,148.439,164.40199,137.10899
06/Sep/2022,104.893,150.724,159.423,138.123
07/Sep/2022,104.801,149.608,158.72501,142.73
08/Sep/2022,104.496,149.052,160.44701,140.151
09/Sep/2022,106.788,152.73,163.658,146.998
12/Sep/2022,107.687,155.183,164.728,145.181
13/Sep/2022,107.339,154.459,165.519,145.47501
14/Sep/2022,106.73,152.117,165.658,147.464
15/Sep/2022,106.265,151.05901,165.845,142.85699
16/Sep/2022,106.197,151.002,165.89101,145.351
19/Sep/2022,105.609,151.226,164.123,140.405
20/Sep/2022,107.844,154.291,164.96001,151.099
21/Sep/2022,107.507,152.841,164.03,152.78799
22/Sep/2022,107.588,153.45399,161.79601,153.97099
23/Sep/2022,105.356,150.89101,161.75,148.85899
26/Sep/2022,103.675,148.55,161.47,145.054
27/Sep/2022,103.693,148.828,161.145,147.33701
28/Sep/2022,104.611,149.498,161.564,152.703
29/Sep/2022,104.441,149.274,161.47,151.52
30/Sep/2022,104.655,151.05901,159.795,155.78999
03/Oct/2022,104.697,151.782,157.608,154.183
04/Oct/2022,104.82,152.285,157.88699,152.661
05/Oct/2022,104.859,152.509,157.93401,152.492
06/Oct/2022,103.934,150.61301,157.189,148.605
07/Oct/2022,104.511,152.341,157.20799,148.817
10/Oct/2022,106.757,155.685,156.826,158.578
11/Oct/2022,106.038,154.51601,157.618,152.325
12/Oct/2022,105.507,154.51601,159.013,149.153
13/Oct/2022,105.829,155.57401,159.097,150.845
14/Oct/2022,104.527,153.789,158.911,145.351
17/Oct/2022,104.666,152.395,158.306,145.56
18/Oct/2022,104.341,151.839,157.189,143.617
19/Oct/2022,104.085,151.226,156.67799,142.22099
20/Oct/2022,104.522,152.509,156.44501,143.57401
21/Oct/2022,104.943,152.563,155.235,143.828
24/Oct/2022,104.185,151.95,154.258,141.8
25/Oct/2022,104.315,153.009,153.839,141.123
26/Oct/2022,104.24,152.73,152.35001,142.09399
27/Oct/2022,103.542,152.117,152.117,141.758
28/Oct/2022,103.024,151.782,153.606,140.19299
31/Oct/2022,105.058,154.181,158.07401,149.153
01/Nov/2022,106.226,155.57401,164.26199,152.576
02/Nov/2022,104.765,153.289,163.61099,143.026
03/Nov/2022,104.229,151.448,163.61099,142.09399
04/Nov/2022,105.089,151.839,164.681,143.32001
07/Nov/2022,105.332,150.924,165.565,143.599
08/Nov/2022,104.705,149.38699,166.82201,141.27499
09/Nov/2022,104.323,148.963,167.38,138.502
10/Nov/2022,103.949,146.767,167.56599,138.85001
11/Nov/2022,104.723,147.826,167.287,141.207
14/Nov/2022,104.509,146.989,167.101,141.716
15/Nov/2022,105.541,149.22,165.472,143.36301
16/Nov/2022,105.042,148.828,165.10001,141.54601
17/Nov/2022,104.53,149.16299,165.007,139.476
18/Nov/2022,104.582,149.38699,165.612,138.968
21/Nov/2022,104.375,147.937,165.752,138.33501
22/Nov/2022,104.03,146.989,167.008,137.024
23/Nov/2022,104.122,148.55,167.61301,137.53
24/Nov/2022,104.122,148.55,167.61301,137.53
25/Nov/2022,103.748,149.66499,168.63699,134.742
28/Nov/2022,103.097,149.66499,166.868,131.994
29/Nov/2022,103.244,149.274,166.543,132.121
30/Nov/2022,104.096,148.717,165.752,134.48801
01/Dec/2022,103.385,147.267,165.612,132.375
02/Dec/2022,102.42,144.091,164.123,128.655
05/Dec/2022,101.675,142.808,158.539,124.935
06/Dec/2022,100.912,142.084,156.771,123.246
07/Dec/2022,101.547,142.976,156.194,126.712
08/Dec/2022,101.634,143.254,157.31,126.161
09/Dec/2022,101.451,143.589,157.571,124.133
12/Dec/2022,102.203,145.819,158.185,127.599
13/Dec/2022,102.747,145.709,159.423,126.921
14/Dec/2022,102.504,145.039,159.237,126.669
15/Dec/2022,102.428,145.709,158.07401,128.02
16/Dec/2022,102.669,145.595,158.492,127.387
19/Dec/2022,102.266,144.315,162.541,126.542
20/Dec/2022,102.946,145.37399,168.218,126.879
21/Dec/2022,104.509,147.659,169.28799,129.79601
22/Dec/2022,104.14,147.267,170.591,128.867
23/Dec/2022,104.888,148.55,171.33501,131.19099
26/Dec/2022,104.888,148.55,171.33501,131.19099
27/Dec/2022,105.186,150.446,170.54401,130.937
28/Dec/2022,105.952,152.228,168.311,132.79601
29/Dec/2022,105.408,151.504,170.033,130.853
30/Dec/2022,105.635,151.283,171.149,133.895
02/Jan/2023,105.635,151.283,171.149,133.895
03/Jan/2023,104.043,149.498,171.149,131.10699
04/Jan/2023,102.371,145.763,165.379,126.034
05/Jan/2023,102.065,145.541,164.216,126.246
06/Jan/2023,101.942,145.819,165.33299,125.698
09/Jan/2023,102.321,145.541,167.008,125.359
10/Jan/2023,102.151,146.041,167.61301,123.582
11/Jan/2023,102.491,146.265,165.379,125.105
12/Jan/2023,103.523,149.608,168.032,125.571
13/Jan/2023,104.143,150.502,168.916,125.737
16/Jan/2023,104.143,150.502,168.916,125.737
17/Jan/2023,104.992,152.787,166.91499,127.09
18/Jan/2023,104.318,151.896,167.241,125.528
19/Jan/2023,103.403,151.002,166.68201,124.175
20/Jan/2023,103.9,150.78,168.54401,125.359
23/Jan/2023,102.974,148.55,169.614,121.724
24/Jan/2023,103.819,150.948,169.614,124.175
25/Jan/2023,104.242,150.446,169.009,125.316
26/Jan/2023,105.473,152.174,170.405,127.217
27/Jan/2023,105.447,152.285,170.405,126.796
30/Jan/2023,106.101,152.452,168.63699,127.217
31/Jan/2023,106.621,151.561,165.89101,128.69701
01/Feb/2023,105.886,151.839,166.077,128.44299
02/Feb/2023,106.354,150.556,165.472,128.655
03/Feb/2023,106.072,151.05901,165.10001,127.938
06/Feb/2023,105.442,151.394,163.285,126.839
07/Feb/2023,105.353,150.23199,163.201,127.143
08/Feb/2023,105.941,151.08,167.687,129.983
09/Feb/2023,105.29,149.319,170.209,129.11099
10/Feb/2023,106.537,151.326,170.396,134.201
13/Feb/2023,107.073,152.117,169.28799,135.375
14/Feb/2023,107.049,151.561,167.147,134.7
15/Feb/2023,105.967,150.278,165.938,131.909
16/Feb/2023,105.904,150.502,166.077,131.23399
17/Feb/2023,106.182,151.05901,165.98399,131.23399
20/Feb/2023,106.182,151.05901,165.98399,131.23399
21/Feb/2023,106.796,151.728,162.82001,128.952
22/Feb/2023,105.941,150.33501,160.261,126.796
23/Feb/2023,105.337,146.989,158.353,126.879
24/Feb/2023,104.062,144.761,158.492,122.02
27/Feb/2023,103.497,143.478,161.703,120.032
28/Feb/2023,102.52,140.52299,161.47,119.272
01/Mar/2023,103.134,141.74899,163.05299,120.032
02/Mar/2023,102.917,141.304,163.70399,120.498
03/Mar/2023,103.497,142.64101,161.47,119.823
06/Mar/2023,103.257,142.028,157.655,117.54
07/Mar/2023,103.33,141.41499,155.095,118.004
08/Mar/2023,102.943,139.465,151.605,116.23
09/Mar/2023,101.892,136.343,151.838,112.552
10/Mar/2023,102.559,137.62601,152.117,114.835
13/Mar/2023,102.46,136.78799,155.142,115.722
14/Mar/2023,102.831,138.40601,159.65601,117.707
15/Mar/2023,102.42,139.686,160.726,118.806
16/Mar/2023,102.551,141.08,160.912,118.173
17/Mar/2023,102.554,141.41499,160.07401,120.117
20/Mar/2023,102.133,141.136,161.052,118.47
21/Mar/2023,101.66,140.467,160.679,115.51
22/Mar/2023,101.1,141.24699,160.586,112.171
23/Mar/2023,100.549,140.858,163.425,111.917
24/Mar/2023,101.979,143.367,166.403,116.399
27/Mar/2023,103.194,144.537,165.98399,118.004
28/Mar/2023,103.725,144.315,165.147,118.3
29/Mar/2023,103.889,145.039,164.774,119.145
30/Mar/2023,104.164,144.815,163.797,117.032
31/Mar/2023,105.191,147.267,162.075,117.032
03/Apr/2023,105.217,146.65401,158.95799,117.244
04/Apr/2023,104.637,145.763,156.259,116.905
05/Apr/2023,104.446,145.541,156.631,115.298
06/Apr/2023,104.545,143.478,154.81599,114.199
07/Apr/2023,104.545,143.478,154.81599,114.199
10/Apr/2023,104.935,144.772,152.946,115.121
11/Apr/2023,105.011,143.076,158.14799,114.623
12/Apr/2023,104.906,142.487,162.131,115.637
13/Apr/2023,104.216,140.658,161.089,113.98
14/Apr/2023,104.786,141.74899,158.446,117.074
17/Apr/2023,106.135,143.254,157.375,119.568
18/Apr/2023,106.312,143.69901,157.375,119.947
19/Apr/2023,105.238,141.91701,156.817,117.117
20/Apr/2023,104.383,139.575,157.14301,114.962
21/Apr/2023,103.573,137.17999,159.33,113.778
24/Apr/2023,103.291,135.452,161.052,111.072
25/Apr/2023,102.867,135.506,159.60899,110.397
26/Apr/2023,102.606,134.00101,159.097,108.536
27/Apr/2023,101.668,129.653,158.72501,106.381
28/Apr/2023,102.25,130.43401,161.703,107.143
01/May/2023,101.414,130.323,163.937,104.522
02/May/2023,100.324,129.31799,165.938,103
03/May/2023,101.108,131.214,166.82201,108.157
04/May/2023,101.456,131.325,167.287,109.044
05/May/2023,102.627,132.99899,170.172,111.623
08/May/2023,102.449,132.99899,170.91701,110.567
09/May/2023,102.002,130.38,169.567,108.79
10/May/2023,102.23,132.44,169.94,108.409
11/May/2023,101.03,129.821,170.451,106.042
12/May/2023,101.764,130.71201,172.034,107.353
15/May/2023,103.212,132.105,166.17,111.708
16/May/2023,102.101,129.599,162.02901,109.465
17/May/2023,100.544,125.194,162.96001,105.748
18/May/2023,99.856003,123.801,161.33099,103.423
19/May/2023,99.258003,123.633,158.81799,102.282
22/May/2023,100.076,127.312,156.67799,102.494
23/May/2023,100.123,128.76199,155.328,105.197
24/May/2023,99.975998,130.936,154.63,102.494
25/May/2023,99.482002,131.717,154.49001,102.155
26/May/2023,100.457,134.67101,158.86501,104.141
29/May/2023,100.457,134.67101,158.86501,104.141
30/May/2023,99.589996,132.44,158.492,99.915001
31/May/2023,100.05,132.44,160.912,100.463
01/Jun/2023,101.26,132.105,162.67999,103.254
02/Jun/2023,102.522,135.786,164.63499,104.649
05/Jun/2023,102.117,133.22099,166.91499,105.494
06/Jun/2023,103.265,135.562,168.683,106.127
07/Jun/2023,101.252,131.19299,164.7,104.639
08/Jun/2023,101.077,128.77299,162.14101,106.737
09/Jun/2023,100.013,124.057,157.15199,107.716
12/Jun/2023,99.940002,124.471,151.745,108.798
13/Jun/2023,99.300003,121.738,148.097,109.55
14/Jun/2023,99.07,121.516,141.97301,108.409
15/Jun/2023,101.487,127.09,142.811,113.736
16/Jun/2023,103.91,132.44,143.64799,118.597
19/Jun/2023,103.91,132.44,143.64799,118.597
20/Jun/2023,103.816,132.21899,145.556,119.823
21/Jun/2023,106.022,139.019,145.27699,126.5
22/Jun/2023,105.052,137.569,146.114,127.26
23/Jun/2023,102.927,130.38,146.254,126.203
26/Jun/2023,102.734,130.21201,146.394,124.808
27/Jun/2023,100.643,124.025,146.254,118.173
28/Jun/2023,98.633003,118.451,139.92599,113.228
29/Jun/2023,98.348,116.722,139.228,112.849
30/Jun/2023,98.295998,108.918,139.46001,110.058
03/Jul/2023,98.612,108.807,139.367,108.494
04/Jul/2023,98.612,108.807,139.367,108.494
05/Jul/2023,99.399002,108.194,139.786,113.99
06/Jul/2023,99.223999,111.259,140.903,111.242
07/Jul/2023,98.523003,108.639,139.60001,109.804
10/Jul/2023,98.594002,109.755,138.623,109.256
11/Jul/2023,99.522003,110.257,137.506,111.665
12/Jul/2023,97.519997,106.187,137.832,106.974
13/Jul/2023,98.690002,110.033,141.88,108.157
14/Jul/2023,100.089,112.931,144.114,111.832
17/Jul/2023,99.351997,111.316,142.99699,110.524
18/Jul/2023,101.121,117.892,144.951,113.397
19/Jul/2023,103.372,121.627,145.603,123.034
20/Jul/2023,103.398,119.788,147.836,122.907
21/Jul/2023,102.48,117.503,147.976,117.919
24/Jul/2023,105.115,124.973,150.72099,128.062
25/Jul/2023,105.039,124.303,148.255,128.528
26/Jul/2023,103.351,120.457,147.464,121.724
27/Jul/2023,102.478,118.897,146.952,120.498
28/Jul/2023,101.55,116.163,145.416,119.06
31/Jul/2023,99.676003,112.374,143.974,112.552
01/Aug/2023,99.654999,110.813,147.464,110.27
02/Aug/2023,98.429001,108.864,148.302,108.2
03/Aug/2023,97.573997,107.189,149.651,106
04/Aug/2023,97.892998,107.97,148.44099,107.016
07/Aug/2023,98.262001,108.126,148.49699,111.952
08/Aug/2023,98.306,109.466,148.59,112.654
09/Aug/2023,97.905998,109.018,150.563,110.066
10/Aug/2023,98.488998,110.065,150.72099,111.334
11/Aug/2023,98.112999,108.639,150.582,110.524
14/Aug/2023,97.564003,108.75,147.371,108.451
15/Aug/2023,96.141998,106.02,146.85899,105.451
16/Aug/2023,96.643997,107.357,146.76601,105.324
17/Aug/2023,96.484001,108.305,146.90601,104.014
18/Aug/2023,97.815002,109.922,147.41701,108.03
21/Aug/2023,97.107002,107.581,147.32401,105.748
22/Aug/2023,96.607002,106.911,147.231,106.084
23/Aug/2023,97.716003,109.363,147.185,108.157
24/Aug/2023,98.211998,108.864,149.83701,106.804
25/Aug/2023,98.468002,108.807,149.186,105.113
28/Aug/2023,99.315002,110.646,151.698,104.31
29/Aug/2023,98.285004,108.529,155.235,101.52
30/Aug/2023,98.253998,107.189,155.328,102.619
31/Aug/2023,97.738998,106.633,155.328,101.774
01/Sep/2023,97.960999,107.357,154.16499,100.675
04/Sep/2023,97.960999,107.357,154.16499,100.675
05/Sep/2023,98.424004,108.361,156.259,101.311
06/Sep/2023,98.878998,108.305,155.375,102.957
07/Sep/2023,98.695999,108.415,150.72099,101.393
08/Sep/2023,98.275002,107.859,149.511,100.718
11/Sep/2023,98.561996,108.305,146.99899,98.817001
12/Sep/2023,98.394997,106.244,145.416,99.321999
13/Sep/2023,98.596001,107.524,148.302,100.972
14/Sep/2023,98.973,107.135,150.814,100.379
15/Sep/2023,99.093002,106.187,150.907,102.155
18/Sep/2023,98.181,105.129,149.04601,99.958
19/Sep/2023,98.473999,106.187,149.186,98.732002
20/Sep/2023,98.792,107.524,148.534,99.533997
21/Sep/2023,97.258003,105.963,146.99899,97.336998
22/Sep/2023,97.344002,106.409,147.278,97.969002
25/Sep/2023,97.477997,107.303,147.50999,99.575996
26/Sep/2023,96.926003,106.968,150.675,99.575996
27/Sep/2023,96.720001,107.748,150.535,97.969002
28/Sep/2023,97.542999,108.918,150.116,97.845001
29/Sep/2023,95.114998,106.298,148.069,91.545998
02/Oct/2023,96.035004,108.974,147.78999,95.477997
03/Oct/2023,95.316002,108.696,146.71899,96.111
04/Oct/2023,95.068001,108.361,145.603,94.672997
05/Oct/2023,96.299004,110.924,145.882,97.760002
06/Oct/2023,96.207001,109.698,149.95799,96.068001
09/Oct/2023,96.137001,108.864,148.599,96.828003
10/Oct/2023,95.622002,108.251,149.707,94.418999
11/Oct/2023,95.358002,108.807,150.71201,93.998001
12/Oct/2023,96.588997,110.589,151.373,96.619003
13/Oct/2023,96.662003,109.976,151.55901,98.012001
16/Oct/2023,96.405998,109.252,150.349,97.591003
17/Oct/2023,96.491997,109.031,151,96.449997
18/Oct/2023,97.026001,109.698,151.14,98.096001
19/Oct/2023,97.535004,112.596,150.396,100.421
20/Oct/2023,96.369003,110.479,150.907,99.068001
23/Oct/2023,95.556999,109.309,153.37399,99.279999
24/Oct/2023,95.272003,107.916,152.30299,98.139
25/Oct/2023,94.936996,107.022,151.745,96.111
26/Oct/2023,94.940002,106.857,151.931,97.969002
27/Oct/2023,95.613998,107.189,150.86099,97.293999
30/Oct/2023,95.112,106.633,149.83701,95.686996
31/Oct/2023,95.156998,106.744,148.953,94.040001
01/Nov/2023,95.039001,105.909,148.86,94.970001
02/Nov/2023,95.690002,104.794,147.185,95.601997
03/Nov/2023,96.293999,106.409,147.55701,96.786003
06/Nov/2023,96.257004,106.409,147.092,97.336998
07/Nov/2023,95.374001,105.129,149.418,97.277
08/Nov/2023,96.385002,107.381,152.67599,101.767
09/Nov/2023,95.554001,106.32,153.69901,100.767
10/Nov/2023,95.462997,106.131,155.793,100.498
13/Nov/2023,97.171997,109.866,155.84,101.816
14/Nov/2023,97.126999,110.2,156.119,101.056
15/Nov/2023,96.887001,108.918,157.655,99.406998
16/Nov/2023,96.181,109.976,160.53999,98.223999
17/Nov/2023,95.632004,108.194,161.98199,97.336998
20/Nov/2023,96.035004,108.696,161.88901,96.449997
21/Nov/2023,96.139,109.031,162.866,98.519997
22/Nov/2023,95.554001,108.75,161.005,98.817001
23/Nov/2023,95.554001,108.75,161.005,98.817001
24/Nov/2023,93.871002,107.581,163.47099,97.591003
27/Nov/2023,92.679001,105.963,160.44701,94.843002
28/Nov/2023,93.983002,105.574,161.75,96.704002
29/Nov/2023,94.595001,106.076,162.02901,99.028
30/Nov/2023,94.945,107.637,161.424,101.099
01/Dec/2023,94.009003,108.083,159.935,101.901
04/Dec/2023,94.069,108.251,157.282,104.901
05/Dec/2023,94.456001,109.363,156.44501,106.72
06/Dec/2023,92.624001,107.97,157.748,107.101
07/Dec/2023,93.217003,108.807,159.442,108.578
08/Dec/2023,93.494003,108.251,159.442,106.804
11/Dec/2023,93.105003,107.357,160.39101,103.042
12/Dec/2023,93.823997,108.194,159.05099,105.748
13/Dec/2023,92.499001,106.911,160.168,102.325
14/Dec/2023,93.306,106.857,161.843,104.099
15/Dec/2023,93.891998,107.691,162.075,106.381
18/Dec/2023,93.264,106.355,164.44901,104.31
19/Dec/2023,93.185997,105.407,163.099,105.282
20/Dec/2023,92.457001,104.737,164.30901,103.127
21/Dec/2023,92.085999,105.35,164.03,103.55
22/Dec/2023,92.419998,105.463,164.588,104.183
25/Dec/2023,92.419998,105.463,164.588,104.183
26/Dec/2023,93.332001,107.078,163.84399,107.564
27/Dec/2023,92.995003,106.244,163.146,105.324
28/Dec/2023,93.217003,105.742,162.448,106.762
29/Dec/2023,92.184998,105.072,163.05299,106.169
01/Jan/2024,92.184998,105.072,163.05299,106.169
02/Jan/2024,91.504997,103.4,167.799,102.576
03/Jan/2024,91.385002,103.735,161.145,101.477
04/Jan/2024,91.829002,104.013,160.912,103.717
05/Jan/2024,91.466003,102.73,164.03,104.141
08/Jan/2024,91.060997,101.45,162.77299,100.802
09/Jan/2024,92.012001,102.395,163.75101,103.127
10/Jan/2024,91.981003,102.452,162.866,103.254
11/Jan/2024,92.331001,102.063,163.05299,102.07
12/Jan/2024,91.656998,99.665001,164.44901,100.76
15/Jan/2024,91.656998,99.665001,164.44901,100.76
16/Jan/2024,91.709,98.885002,163.37801,98.392998
17/Jan/2024,91.350998,98.606003,164.216,98.477997
18/Jan/2024,92.235001,98.995003,163.797,98.986
19/Jan/2024,92.767998,99.330002,164.123,100.294
22/Jan/2024,92.972,99.387001,163.37801,100.845
23/Jan/2024,93.768997,99.554001,162.26199,100.845
24/Jan/2024,94.786003,100.835,165.42599,103.254
25/Jan/2024,94.837997,100.724,167.194,103.508
26/Jan/2024,94.392998,99.498001,167.38,101.477
29/Jan/2024,93.640999,98.161003,168.35699,100.336
30/Jan/2024,95.023003,99.833,169.14799,102.367
31/Jan/2024,94.808998,99.943001,166.263,100.633
01/Feb/2024,94.872002,99.722,168.49699,101.689
02/Feb/2024,94.718002,98.717003,171.56799,101.393
05/Feb/2024,94.132004,98.717003,170.405,99.788002
06/Feb/2024,94.527,97.825996,172.871,100.59
07/Feb/2024,94.573997,97.370003,172.49899,101.978
08/Feb/2024,94.621002,97.648003,174.258,99.862999
09/Feb/2024,94.940002,97.323997,176.97501,101.141
12/Feb/2024,94.856003,98.125999,174.974,101.251
13/Feb/2024,94.610001,98.828003,173.383,100.929
14/Feb/2024,94.102997,97.490997,175.756,98.561996
15/Feb/2024,93.491997,95.819,175.756,95.899002
16/Feb/2024,93.684998,95.763,172.778,94.503998
19/Feb/2024,93.684998,95.763,172.778,94.503998
20/Feb/2024,94.292,96.431999,171.56799,97.927002
21/Feb/2024,94.029999,94.593002,172.313,97.718002
22/Feb/2024,93.635002,93.309998,175.151,97.927002
23/Feb/2024,93.301003,92.195,176.222,96.195
26/Feb/2024,94.012001,93.980003,173.52299,97.167
27/Feb/2024,94.575996,94.426003,170.82401,98.774002
28/Feb/2024,94.244003,95.541,171.00999,97.167
29/Feb/2024,93.913002,95.763,170.172,97.420998
01/Mar/2024,93.653999,94.704002,173.19701,94.293999
04/Mar/2024,93.671997,95.875999,170.63699,95.350998
05/Mar/2024,93.181,95.039001,168.49699,93.153
06/Mar/2024,93.059998,95.595001,166.868,89.772003
07/Mar/2024,94.244003,97.658997,165.845,89.348999
08/Mar/2024,94.460999,98.046997,166.403,90.913002
11/Mar/2024,95.239998,98.496002,165.938,92.517998
12/Mar/2024,96.077003,98.496002,166.17,92.559998
13/Mar/2024,96.341003,98.382004,167.287,92.012001
14/Mar/2024,95.426003,96.710999,166.263,89.982002
15/Mar/2024,96.009003,97.379997,165.845,89.348999
18/Mar/2024,96.563004,97.212997,165.379,91.758003
19/Mar/2024,96.411003,97.992996,165.007,93.404999
20/Mar/2024,96.537003,97.883003,164.681,92.137001
21/Mar/2024,96.762001,98.272003,163.006,92.432999
22/Mar/2024,96.498001,97.936996,161.424,93.786003
25/Mar/2024,97.041,97.601997,158.632,93.828003
26/Mar/2024,96.205002,96.431999,156.35201,91.885002
27/Mar/2024,96.029999,95.150002,154.351,92.559998
28/Mar/2024,97.080002,98.550003,152.257,94.714996
29/Mar/2024,97.080002,98.550003,152.257,94.714996
01/Apr/2024,96.546997,97.101997,151.65199,94.167
02/Apr/2024,95.789001,95.096001,149.651,92.179001
03/Apr/2024,96.128998,96.264999,153.653,93.998001
04/Apr/2024,96.302002,97.044998,150.76801,94.040001
05/Apr/2024,96.542,97.379997,150.69299,96.389999
08/Apr/2024,96.746002,98.171997,150.535,96.643997
09/Apr/2024,96.806,97.658997,154.407,95.738998
10/Apr/2024,96.627998,98.874001,159.646,96.449997
11/Apr/2024,96.348999,98.328003,156.631,95.730003
12/Apr/2024,96.346001,99.722,160.53999,96.491997
15/Apr/2024,96.440002,99.052002,170.77699,95.941002
16/Apr/2024,96.014,98.717003,169.521,95.477997
17/Apr/2024,95.800003,98.328003,175.058,93.362999
18/Apr/2024,95.893997,97.269997,177.664,93.489998
19/Apr/2024,97.036003,98.774002,178.08299,95.814003
22/Apr/2024,98.176003,100.278,178.64101,99.321999
23/Apr/2024,98.445,100.891,180.31599,101.901
24/Apr/2024,98.583,100,180.689,103.635
25/Apr/2024,98.709,100.78,178.455,104.901
26/Apr/2024,98.420998,100.335,176.64,105.197
29/Apr/2024,97.600998,100.167,181.10699,102.873
30/Apr/2024,96.463997,99.608002,179.43201,101.986
01/May/2024,95.528,100.502,179.10699,101.311
02/May/2024,96.134003,102.509,170.68401,102.155
03/May/2024,96.897003,102.62,175.42999,105.24
06/May/2024,97.769997,104.57,172.778,109.677
07/May/2024,98.321999,104.124,171.149,108.663
08/May/2024,97.461998,102.228,171.61501,107.183
09/May/2024,97.107002,101.782,174.91901,107.776
10/May/2024,98.330002,104.737,180.22301,112.171
13/May/2024,97.764999,105.35,174.267,116.145
14/May/2024,97.731003,104.235,175.942,113.693
15/May/2024,97.571999,103.122,177.85001,112.552
16/May/2024,97.232002,101.896,177.757,112.129
17/May/2024,97.052002,100.891,174.54601,110.101
20/May/2024,98.478996,102.676,175.42999,116.439
21/May/2024,98.847,102.117,173.011,117.919
22/May/2024,99.245003,102.841,174.5,117.159
23/May/2024,99.560997,103.457,172.034,118.004
24/May/2024,99.808998,103.622,170.68401,117.877
27/May/2024,99.808998,103.622,170.68401,117.877
28/May/2024,100.426,103.122,168.35699,118.385
29/May/2024,99.498001,101.504,166.03101,117.117
30/May/2024,98.750999,100.057,165.938,115.131
31/May/2024,98.163002,99.498001,164.44901,114.708
03/Jun/2024,97.93,98.885002,162.866,113.736
04/Jun/2024,97.316002,98.663002,163.564,111.284
05/Jun/2024,96.682999,97.936996,162.075,109.341
06/Jun/2024,97.608002,100.78,169.94,108.115
07/Jun/2024,96.730003,100.324,164.22501,106.822
10/Jun/2024,96.295998,101.126,156.668,104.275
11/Jun/2024,96.414001,100.791,151.39101,107.97
12/Jun/2024,96.597,101.728,147.911,106.879
13/Jun/2024,97.226997,103.343,144.672,107.818
14/Jun/2024,97.036003,101.896,146.06799,106.254
17/Jun/2024,95.796997,100.335,144.905,102.788
18/Jun/2024,95.820999,101.615,146.673,101.268
19/Jun/2024,95.820999,101.615,146.673,101.268
20/Jun/2024,94.676003,99.163002,145.742,99.068001
21/Jun/2024,94.192001,98.214996,145.13699,97.336998
24/Jun/2024,94.126999,97.992996,144.765,96.533997
25/Jun/2024,93.217003,96.264999,143.927,94.758003
26/Jun/2024,93.361,94.871002,144.067,94.758003
27/Jun/2024,93.484001,94.202003,143.741,97.969002
28/Jun/2024,92.883003,90.858002,143.229,96.955002
01/Jul/2024,92.782997,90.748001,140.67,99.788002
02/Jul/2024,93.356003,90.969002,140.158,98.223999
03/Jul/2024,93.189003,90.413002,139.507,97.040001
04/Jul/2024,93.189003,90.413002,139.507,97.040001
05/Jul/2024,93.737,91.528,135.505,99.831001
08/Jul/2024,91.779999,87.68,137.645,96.449997
09/Jul/2024,91.202003,87.847,135.877,96.704002
10/Jul/2024,90.136002,88.238998,135.272,94.927002
11/Jul/2024,90.635002,89.240997,136.436,96.577003
12/Jul/2024,89.988998,89.632004,136.203,93.111
15/Jul/2024,89.089996,87.067001,136.808,90.024002
16/Jul/2024,89.168999,88.238998,134.062,89.730003
17/Jul/2024,89.586998,88.740997,134.295,91.165001
18/Jul/2024,88.959,87.234001,132.992,90.489998
19/Jul/2024,88.710999,87.067001,132.52699,91.758003
22/Jul/2024,90.088997,89.240997,135.877,92.644997
23/Jul/2024,90.217003,89.742996,137.08701,91.758003
24/Jul/2024,89.960999,90.021004,137.645,92.475998
25/Jul/2024,90.389,90.523003,139.69299,90.913002
26/Jul/2024,89.25,87.959999,141.787,88.503998
29/Jul/2024,88.922997,88.348999,141.554,89.772003
30/Jul/2024,88.629997,86.678001,141.787,88.588997
31/Jul/2024,88.365997,85.341003,141.92599,89.137001
01/Aug/2024,87.589996,85.172997,140.25101,89.939003
02/Aug/2024,87.639999,86.175003,139.088,91.123001
05/Aug/2024,87.435997,87.123001,142.159,91.207001
06/Aug/2024,87.573997,86.678001,141.461,91.843002
07/Aug/2024,87.492996,86.232002,141.47,91.800003
08/Aug/2024,86.933998,86.142998,140.409,92.492996
09/Aug/2024,87.584999,86.443001,139.181,94.072998
12/Aug/2024,87.364998,88.706001,136.873,93.852997
13/Aug/2024,86.706001,88.573997,139.181,93.278
14/Aug/2024,87.342003,89.353996,140.577,94.040001
15/Aug/2024,86.957001,88.516998,138.20399,93.026001
16/Aug/2024,86.431999,87.514999,137.03999,93.404999
19/Aug/2024,87.351997,89.240997,139.367,93.362999
20/Aug/2024,86.968002,88.740997,139.46001,94.083
21/Aug/2024,86.768997,88.794998,138.20399,91.970001
22/Aug/2024,86.633003,87.736,139.228,90.531998
23/Aug/2024,86.907997,87.18,139.92599,89.264
26/Aug/2024,87.302002,86.175003,140.019,88.755997
27/Aug/2024,88.458,87.569,140.903,90.531998
28/Aug/2024,88.230003,87.123001,140.94901,91.545998
29/Aug/2024,88.633003,88.294998,138.20399,92.772003
30/Aug/2024,88.877998,89.407997,137.599,93.237999
02/Sep/2024,88.877998,89.407997,137.599,93.237999
03/Sep/2024,89.649002,91.247002,138.995,95.814003
04/Sep/2024,89.808998,92.028,141.694,98.181
05/Sep/2024,89.379997,91.582001,142.485,97.167
06/Sep/2024,88.015999,90.580002,140.437,95.857002
09/Sep/2024,88.594002,90.802002,136.994,96.111
10/Sep/2024,88.066002,90.134003,138.623,97.082001
11/Sep/2024,88.688004,90.245003,140.577,97.927002
12/Sep/2024,88.928001,90.523003,141.88,97.802002
13/Sep/2024,89.557999,92.140999,142.06599,100.548
16/Sep/2024,89.335999,91.582001,142.392,97.802002
17/Sep/2024,90.013,91.973999,142.811,97.336998
18/Sep/2024,90.549004,92.028,143.927,97.336998
19/Sep/2024,90.431,90.467003,144.439,95.601997
20/Sep/2024,90.525002,89.574997,144.765,96.111
23/Sep/2024,91.997002,92.195,144.672,98.477997
24/Sep/2024,92.245003,91.806,142.02,97.718002
25/Sep/2024,92.879997,92.586998,139.83299,99.619003
26/Sep/2024,92.650002,92.140999,138.90199,98.774002
27/Sep/2024,92.721001,93.199997,140.34399,98.054001
30/Sep/2024,92.749001,94.704002,142.345,98.732002
01/Oct/2024,93.139,95.652,142.392,101.268
02/Oct/2024,94.016998,96.431999,141.13499,104.014
03/Oct/2024,93.382004,95.484001,141.18201,102.028
04/Oct/2024,92.972,94.704002,140.48399,99.704002
07/Oct/2024,92.692001,94.982002,140.903,100.169
08/Oct/2024,92.560997,93.813004,141.34,100.548
09/Oct/2024,92.490997,93.866997,141.91701,101.268
10/Oct/2024,92.947998,93.309998,141.508,102.07
11/Oct/2024,92.676003,92.696999,140.856,101.268
14/Oct/2024,91.952003,91.026001,141.92599,98.944
15/Oct/2024,91.337997,89.464996,141.554,97.969002
16/Oct/2024,91.416,90.245003,141.83299,98.901001
17/Oct/2024,91.592003,90.691002,141.18201,99.661003
18/Oct/2024,91.070999,90.245003,141.04201,96.828003
21/Oct/2024,91.098,91.304001,140.67,96.744003
22/Oct/2024,91.640999,92.864998,141.228,97.378998
23/Oct/2024,92.038002,93.420998,141.27499,97.802002
24/Oct/2024,91.897003,93.980003,140.158,98.307999
25/Oct/2024,91.356003,92.586998,140.39101,96.195
28/Oct/2024,91.024002,91.582001,140.112,94.460999
29/Oct/2024,91.471001,92.251999,139.739,96.449997
30/Oct/2024,91.617996,91.749001,136.901,96.913002
31/Oct/2024,91.510002,91.582001,136.808,96.449997
01/Nov/2024,91.385002,92.418999,137.832,96.026001
04/Nov/2024,91.348,92.864998,137.03999,96.153
05/Nov/2024,91.379997,93.309998,134.80701,96.786003
06/Nov/2024,91.753998,95.039001,134.66701,96.913002
07/Nov/2024,92.767998,95.898003,133.96899,97.209
08/Nov/2024,92.492996,97.279999,133.69,97.802002
11/Nov/2024,92.571999,97.580002,135.73801,97.125
12/Nov/2024,92.786003,97.637001,138.157,95.358002
13/Nov/2024,92.911003,97.547997,139.367,94.083
14/Nov/2024,92.422997,96.041,136.52901,92.686996
15/Nov/2024,92.898003,97.044998,140.019,93.658997
18/Nov/2024,93.768997,98.046997,141.13499,95.644997
19/Nov/2024,93.893997,97.601997,140.48399,95.984001
20/Nov/2024,94.25,98.103996,140.717,96.744003
21/Nov/2024,93.931,97.269997,141.18201,96.279999
22/Nov/2024,94.390999,97.044998,140.94901,95.477997
25/Nov/2024,94.106003,96.542999,138.995,93.956001
26/Nov/2024,94.575996,95.428001,140.763,94.336998
27/Nov/2024,94.683998,95.428001,141.18201,92.730003
28/Nov/2024,94.683998,95.428001,141.18201,92.730003
29/Nov/2024,94.592003,96.542999,141.601,92.644997
02/Dec/2024,94.074997,96.431999,142.299,92.517998
03/Dec/2024,94.237,96.375999,142.345,92.559998
04/Dec/2024,94.077003,95.875999,140.903,92.686996
05/Dec/2024,94.724998,96.988998,141.04201,94.378998
06/Dec/2024,95.488998,98.103996,140.558,94.209999
09/Dec/2024,95.574997,98.496002,140.996,94.460999
10/Dec/2024,96.186996,100.111,141.024,94.970001
11/Dec/2024,96.348999,99.943001,140.707,95.223999
12/Dec/2024,96.014,98.885002,140.67,94.420998
13/Dec/2024,96.000999,98.550003,140.577,93.362999
16/Dec/2024,95.928001,99.220001,140.205,92.984001
17/Dec/2024,95.292999,98.885002,140.34399,92.137001
18/Dec/2024,94.988998,97.490997,138.66901,91.503998
19/Dec/2024,94.364998,98.272003,134.993,90.109001
20/Dec/2024,95.151001,99.498001,131.689,90.109001
23/Dec/2024,95.130997,99.833,131.317,91.376999
24/Dec/2024,95.081001,100,131.689,90.404999
25/Dec/2024,95.081001,100,131.689,90.404999
26/Dec/2024,95.444,101.169,130.758,91.461998
27/Dec/2024,95.165001,101.226,129.735,92.390999
30/Dec/2024,95.391998,100.835,128.804,92.686996
31/Dec/2024,96.153,102.228,131.224,93.237999
01/Jan/2025,96.153,102.228,131.224,93.237999
02/Jan/2025,96.388,102.452,131.36301,92.264
03/Jan/2025,95.237999,100.502,129.642,89.475998
06/Jan/2025,95.902,102.063,129.36301,91.376999
07/Jan/2025,96.009003,102.117,129.642,91.716003
08/Jan/2025,95.101997,101.226,131.03799,90.658997
09/Jan/2025,96.218002,101.672,134.01601,90.278
10/Jan/2025,97.313004,104.904,134.621,89.730003
13/Jan/2025,98.301003,106.244,134.89999,92.137001
14/Jan/2025,98.209999,105.796,137.03999,92.348999
15/Jan/2025,98.533997,106.744,138.01801,92.475998
16/Jan/2025,97.512001,105.796,136.24899,90.871002
17/Jan/2025,98.114998,107.97,137.785,91.080002
20/Jan/2025,98.114998,107.97,137.785,91.080002
21/Jan/2025,99.003998,109.252,139.507,94.460999
22/Jan/2025,99.480003,107.97,137.925,93.658997
23/Jan/2025,100.042,109.196,138.20399,93.658997
24/Jan/2025,100.18,108.472,136.575,91.970001
27/Jan/2025,99.898003,107.47,134.714,90.531998
28/Jan/2025,100.917,108.194,132.155,92.179001
29/Jan/2025,102.057,110.813,131.50301,95.097
30/Jan/2025,101.299,109.309,129.688,95.772003
31/Jan/2025,100.711,107.47,128.851,94.587997
03/Feb/2025,100.541,108.974,127.78,95.814003
04/Feb/2025,101.487,110.257,126.105,97.547997
05/Feb/2025,101.754,109.976,125.64,96.744003
06/Feb/2025,101.511,110.425,127.036,99.364998
07/Feb/2025,100.996,109.274,127.911,98.950996
10/Feb/2025,101.709,110.746,130.088,98.848999
11/Feb/2025,101.283,109.787,130.647,98.865997
12/Feb/2025,101.77,111.761,129.08299,98.944
13/Feb/2025,102.501,112.82,131.317,100.085
14/Feb/2025,102.546,113.433,130.94501,103.717
17/Feb/2025,102.546,113.433,130.94501,103.717
18/Feb/2025,103.134,114.994,130.619,104.437
19/Feb/2025,102.449,114.214,130.479,102.534
20/Feb/2025,101.824,114.324,130.89799,101.477
21/Feb/2025,101.032,112.596,127.78,102.113
24/Feb/2025,100.128,110.813,127.082,100.336
25/Feb/2025,100.034,110.2,128.339,99.364998
26/Feb/2025,99.853996,110.033,126.384,98.012001
27/Feb/2025,98.508003,107.246,126.757,95.097
28/Feb/2025,97.030998,104.683,125.686,93.956001
03/Mar/2025,95.873001,101.728,126.338,92.602997
04/Mar/2025,95.538002,100.67,126.245,90.744003
05/Mar/2025,96.746002,101.615,124.151,92.686996
06/Mar/2025,97.177002,103.457,122.196,93.658997
07/Mar/2025,98.117996,104.626,125.407,93.195999
10/Mar/2025,98.902,105.239,129.735,95.097
11/Mar/2025,98.710999,104.85,130.01401,94.125
12/Mar/2025,98.682999,102.73,128.804,93.658997
13/Mar/2025,99.164001,103.735,128.618,95.097
14/Mar/2025,98.739998,102.228,127.082,94.167
17/Mar/2025,100.031,102.787,125.454,96.111
18/Mar/2025,99.749001,102.285,125.919,95.519997
19/Mar/2025,99.947998,103.009,123.546,95.265999
20/Mar/2025,100.416,104.57,123.872,94.209999
21/Mar/2025,99.746002,103.511,124.895,94.378998
24/Mar/2025,99.286003,103.568,124.383,92.686996
25/Mar/2025,99.003998,102.063,122.708,91.843002
26/Mar/2025,98.601997,100.613,122.662,90.489998
27/Mar/2025,98.646004,100.335,125.314,89.939003
28/Mar/2025,98.494003,101.059,125.779,89.306
31/Mar/2025,98.440002,101.95,126.291,90.786003
01/Apr/2025,99.889999,102.955,123.778,91.376999
02/Apr/2025,100.264,102.063,123.081,91.165001
03/Apr/2025,99.292,102.007,121.684,90.616997
04/Apr/2025,96.662003,102.62,121.684,89.432999
07/Apr/2025,95.992996,103.846,124.29,91.175003
08/Apr/2025,96.102997,105.083,126.217,92.238998
09/Apr/2025,97.767998,106.554,126.803,93.041
10/Apr/2025,97.973999,108.718,124.235,93.051003
11/Apr/2025,99.584,110.813,126.524,96.406998
14/Apr/2025,99.498001,109.866,128.38499,94.970001
15/Apr/2025,99.375,109.142,128.66499,93.998001
16/Apr/2025,100.426,109.644,125.593,94.843002
17/Apr/2025,100.758,109.309,126.245,95.054001
18/Apr/2025,100.758,109.309,126.245,95.054001
21/Apr/2025,100.395,109.252,127.036,93.362999
22/Apr/2025,101.093,107.748,124.942,93.026001
23/Apr/2025,101.208,106.857,124.29,91.885002
24/Apr/2025,101.866,107.916,124.011,92.055
25/Apr/2025,102.337,108.251,123.639,92.137001
28/Apr/2025,101.942,107.748,119.265,89.769997
29/Apr/2025,100.792,104.85,119.032,88.839996
30/Apr/2025,100.515,106.02,122.987,89.730003
01/May/2025,100.12,105.296,121.591,89.769997
02/May/2025,100.923,104.57,120.242,91.800003
05/May/2025,100.24,101.283,118.567,89.811996
06/May/2025,100.389,101.561,120.195,90.616997
07/May/2025,99.757004,100.167,121.266,90.32
08/May/2025,99.962997,99.776001,118.939,89.475998
09/May/2025,100.076,100.278,118.288,88.208
12/May/2025,100.243,99.889,117.357,87.109001
13/May/2025,100.776,98.660004,114.565,87.447998
14/May/2025,100.403,99.330002,117.543,88.712997
15/May/2025,100.264,100,120.149,90.066002
16/May/2025,100.047,98.885002,119.265,88.755997
19/May/2025,100.567,99.776001,118.101,89.432999
20/May/2025,101.046,101.337,118.194,92.306
21/May/2025,101.469,102.787,122.476,92.857002
22/May/2025,101.247,103.233,120.195,92.055
23/May/2025,100.719,102.452,122.569,91.716003
26/May/2025,100.719,102.452,122.569,91.716003
27/May/2025,100.261,102.452,124.011,89.348999
28/May/2025,99.419998,100.556,125.593,89.644997
29/May/2025,99.399002,99.665001,124.29,90.278
30/May/2025,99.518997,98.995003,125.593,90.278
02/Jun/2025,99.485001,97.714996,124.476,91.123001
03/Jun/2025,99.396004,97.768997,122.615,90.616997
04/Jun/2025,100.047,97.825996,125.593,91.843002
05/Jun/2025,101.032,97.992996,126.71,92.221001
06/Jun/2025,101.866,98.25,127.278,94.260002
09/Jun/2025,101.385,95.652,127.259,92.644997
10/Jun/2025,100.857,96.054001,128.255,91.807999
11/Jun/2025,100.612,95.338997,127.966,92.316002
12/Jun/2025,100.324,95.039001,128.66499,91.588997
13/Jun/2025,100.379,95.541,128.99001,94.545998
16/Jun/2025,100.818,93.588997,126.105,93.362999
17/Jun/2025,100.204,94.483002,127.734,95.601997
18/Jun/2025,100.664,95.652,128.013,99.831001
19/Jun/2025,100.664,95.652,128.013,99.831001
20/Jun/2025,99.769997,94.871002,128.06,98.647003
23/Jun/2025,99.454002,93.088997,127.408,96.279999
24/Jun/2025,98.311996,91.917,129.31599,93.32
25/Jun/2025,97.573997,90.302002,126.477,92.055
26/Jun/2025,97.444,90.078003,124.523,90.744003
27/Jun/2025,98.431999,91.749001,125.5,91.418999
30/Jun/2025,97.875,91.247002,124.058,90.996002
01/Jul/2025,96.827003,90.523003,121.126,92.814003
02/Jul/2025,98.097,93.199997,120.614,95.350998
03/Jul/2025,98.176003,93.702003,120.614,94.125
04/Jul/2025,98.176003,93.702003,120.614,94.125
07/Jul/2025,97.245003,89.967003,118.939,92.730003
08/Jul/2025,97.138,88.740997,121.359,92.602997
09/Jul/2025,97.087997,89.018997,122.336,92.475998
10/Jul/2025,96.700996,89.018997,120.242,93.744003
11/Jul/2025,96.278,88.294998,118.939,92.137001
14/Jul/2025,95.516998,89.186996,118.101,91.545998
15/Jul/2025,95.600998,89.464996,117.869,90.953003
16/Jul/2025,96.469002,90.356003,117.822,91.503998
17/Jul/2025,96.299004,89.632004,116.519,90.193001
18/Jul/2025,97.012001,91.080002,115.077,92.348999
21/Jul/2025,96.733002,90.021004,114.658,91.672997
22/Jul/2025,96.717003,89.018997,115.216,92.899002
23/Jul/2025,97.030998,88.851997,116.659,91.376999
24/Jul/2025,97.093002,89.574997,116.752,91.545998
25/Jul/2025,96.874001,89.072998,117.403,90.996002
28/Jul/2025,97.030998,87.792999,116.054,91.038002
29/Jul/2025,96.447998,86.788002,115.263,89.559998
30/Jul/2025,96.643997,87.347,114.984,88.545998
31/Jul/2025,95.989998,87.847,114.286,88.461998
01/Aug/2025,95.404999,86.845001,114.007,87.362999
04/Aug/2025,95.558998,86.286003,114.286,87.362999
05/Aug/2025,96.016998,85.059998,116.566,85.925003
06/Aug/2025,96.150002,84.670998,116.473,85.968002
07/Aug/2025,97.268997,86.734001,118.567,88.317001
08/Aug/2025,96.584,87.369003,119.032,88.366997
11/Aug/2025,97.718002,88.884003,121.712,89.143997
12/Aug/2025,98.070999,86.933998,120.093,88.214996
13/Aug/2025,98.473999,88.573997,120.335,89.306
14/Aug/2025,97.542999,88.573997,120.335,88.670998
15/Aug/2025,98.922997,90.356003,119.916,89.095001
18/Aug/2025,99.056,90.634003,119.172,88.755997
19/Aug/2025,99.084999,89.910004,118.753,88.123001
20/Aug/2025,99.757004,90.078003,114.425,89.306
21/Aug/2025,100.342,91.806,111.308,89.559998
22/Aug/2025,101.234,91.749001,110.098,89.137001
25/Aug/2025,101.095,91.917,112.006,89.559998
26/Aug/2025,101.147,91.304001,113.82,89.897003
27/Aug/2025,101.401,90.523003,110.935,88.628998
28/Aug/2025,101.231,91.415001,110.842,89.432999
29/Aug/2025,102.266,93.702003,113.262,90.32
01/Sep/2025,102.266,93.702003,113.262,90.32
02/Sep/2025,101.626,94.315002,112.145,89.306
03/Sep/2025,100.951,93.199997,112.564,88.25
04/Sep/2025,100.664,93.588997,111.214,87.825996
05/Sep/2025,100.47,93.199997,110.656,87.783997
08/Sep/2025,100.826,94.033997,108.376,88.545998
09/Sep/2025,99.843002,93.588997,108.376,87.953003
10/Sep/2025,99.779999,92.975998,108.05,87.066002
11/Sep/2025,100.267,93.588997,108.516,88.165001
12/Sep/2025,100.387,95.875999,107.027,88.503998
15/Sep/2025,101.33,94.369003,107.306,88.755997
16/Sep/2025,101.351,95.763,109.26,90.278
17/Sep/2025,99.843002,95.150002,107.864,89.306
18/Sep/2025,99.757004,94.483002,107.213,88.628998
19/Sep/2025,99.569,94.537003,107.027,88.334999
22/Sep/2025,99.746002,94.033997,106.701,86.346001
23/Sep/2025,100.034,95.039001,106.84,87.996002
24/Sep/2025,99.652,94.593002,106.375,87.825996
25/Sep/2025,99.605003,94.928001,105.817,89.095001
26/Sep/2025,99.806999,94.091003,104.653,87.869003
29/Sep/2025,99.542999,93.980003,105.724,87.825996
30/Sep/2025,99.058998,92.640999,103.909,85.883003
01/Oct/2025,98.917999,92.864998,103.071,86.095001
02/Oct/2025,98.920998,94.033997,102.466,87.024002
03/Oct/2025,99.148003,93.420998,103.397,87.109001
06/Oct/2025,99.537003,94.033997,102.699,86.684998
07/Oct/2025,99.234001,93.588997,101.833,85.670998
08/Oct/2025,99.663002,94.091003,100.838,85.755997
09/Oct/2025,99.296997,93.253998,102.783,85.628998
10/Oct/2025,98.860001,92.084,101.517,84.276001
13/Oct/2025,99.166,91.582001,102.327,83.978996
14/Oct/2025,99.856003,92.084,102.652,84.571999
15/Oct/2025,99.859001,92.921997,101.349,84.318001
16/Oct/2025,100.267,94.033997,102.047,84.954002
17/Oct/2025,99.487999,94.202003,101.024,85.163002
20/Oct/2025,100.026,94.369003,100.047,85.332001
21/Oct/2025,100.107,93.588997,99.814003,84.571999
22/Oct/2025,99.644997,94.315002,97.859001,85.163002
23/Oct/2025,100.029,95.428001,97.672997,86.727997
24/Oct/2025,98.636002,94.369003,97.161003,86.642998
27/Oct/2025,97.841003,95.595001,99.115997,88.925003
28/Oct/2025,97.598,96.321999,99.023003,89.432999
29/Oct/2025,98.556999,96.766998,96.462997,89.982002
30/Oct/2025,98.337997,95.93,98.651001,88.628998
31/Oct/2025,98.651001,96.208,98.651001,90.278
03/Nov/2025,100.005,96.820999,98.232002,91.885002
04/Nov/2025,99.019997,96.208,97.859001,93.026001
05/Nov/2025,98.517998,97.044998,95.207001,93.786003
06/Nov/2025,96.667,95.595001,95.859001,90.531998
07/Nov/2025,97.126999,95.918999,95.904999,89.711998
10/Nov/2025,99.221001,97.135002,96.789001,91.570999
11/Nov/2025,99.278999,98.328003,98.696999,92.213997
12/Nov/2025,98.778999,99.543999,98.232002,92.847
13/Nov/2025,98.008003,101.561,96.650002,93.362999
14/Nov/2025,97.320999,98.995003,97.720001,91.545998
17/Nov/2025,98.565002,99.889,97.161003,94.418999
18/Nov/2025,98.517998,100.221,96.323997,94.503998
19/Nov/2025,97.001999,98.439003,94.043999,92.899002
20/Nov/2025,96.366997,97.601997,93.346001,91.418999
21/Nov/2025,95.903999,97.547997,97.208,91.25
24/Nov/2025,95.103996,97.379997,96.929001,90.404999
25/Nov/2025,95.442001,97.714996,94.649002,91.165001
26/Nov/2025,96.861,99.276001,94.322998,91.376999
27/Nov/2025,96.861,99.276001,94.322998,91.376999
28/Nov/2025,97.917,99.833,93.764999,91.038002
01/Dec/2025,97.151001,99.220001,94.695,90.446999
02/Dec/2025,98.068001,100.335,94.137001,91.461998
03/Dec/2025,97.899002,98.885002,92.275002,90.996002
04/Dec/2025,98.690002,99.722,93.903999,91.334
05/Dec/2025,98.717003,99.163002,93.495003,90.574997
08/Dec/2025,98.202003,98.941002,95.588997,90.404999
09/Dec/2025,98.327003,99.889,95.653999,90.362999
10/Dec/2025,98.706001,99.052002,94.732002,89.517998
11/Dec/2025,99.496002,99.554001,94.182999,90.193001
12/Dec/2025,98.745003,98.272003,94.462997,89.475998
15/Dec/2025,98.125999,98.046997,93.252998,88.038002
16/Dec/2025,97.696999,97.323997,91.066002,86.137001
17/Dec/2025,97.344002,98.214996,90.227997,85.586998
18/Dec/2025,97.320999,99.109001,92.228996,85.841003
19/Dec/2025,97.699997,98.941002,94.322998,86.179001
22/Dec/2025,98.389999,99.665001,94.788002,87.151001
23/Dec/2025,98.466003,99.776001,94.509003,87.404999
24/Dec/2025,98.616997,100.556,95.486,88.208
25/Dec/2025,98.616997,100.556,95.486,88.208
26/Dec/2025,98.651001,100.335,94.276001,87.741997
29/Dec/2025,98.291,98.606003,91.717003,86.727997
30/Dec/2025,98.220001,98.214996,91.484001,86.346001
31/Dec/2025,98.060997,98.161003,92.369003,85.713997
01/Jan/2026,98.060997,98.161003,92.369003,85.713997
02/Jan/2026,98.407997,97.547997,90.320999,85.628998
05/Jan/2026,99.469002,99.109001,94.928001,86.642998
06/Jan/2026,99.738998,98.995003,96.417,86.306999
07/Jan/2026,99.817001,99.608002,96.742996,87.571999
08/Jan/2026,100.144,99.441002,94.880997,87.571999
09/Jan/2026,99.388,99.387001,95.392998,87.447998
12/Jan/2026,98.5,93.980003,95.486,86.431
13/Jan/2026,98.917999,93.588997,98.744003,86.306999
14/Jan/2026,99.042999,94.091003,98.603996,86.642998
15/Jan/2026,99.500999,93.702003,98.651001,86.306999
16/Jan/2026,99.393997,94.704002,98.651001,87.571999
19/Jan/2026,99.393997,94.704002,98.651001,87.571999
20/Jan/2026,98.794998,94.483002,99.487999,86.264
21/Jan/2026,98.855003,94.033997,100.419,85.841003
22/Jan/2026,99.238998,94.537003,99.442001,87.151001
23/Jan/2026,99.901001,95.987,99.162003,89.517998
26/Jan/2026,99.958,95.484001,101.768,88.334999
27/Jan/2026,100.225,95.096001,102.001,88.461998
28/Jan/2026,100.248,95.875999,102.466,90.616997
29/Jan/2026,100.146,96.041,103.49,91.545998
30/Jan/2026,99.258003,95.484001,102.652,90.953003
02/Feb/2026,99.531998,94.928001,103.443,89.222
03/Feb/2026,99.960999,95.541,103.211,89.390999
04/Feb/2026,100.013,95.763,102.978,89.052002
05/Feb/2026,99.841003,96.988998,104.886,90.489998
06/Feb/2026,99.524002,96.307999,105.063,89.872002
09/Feb/2026,99.544998,96.333,105.258,90.066002
10/Feb/2026,99.203003,96.732002,106.301,90.295998
11/Feb/2026,99.639,96.924004,106.124,91.910004
12/Feb/2026,100.112,98.496002,107.259,94.418999
13/Feb/2026,99.746002,98.550003,105.537,92.730003
16/Feb/2026,99.746002,98.550003,105.537,92.730003
17/Feb/2026,99.459,97.155998,103.164,91.716003
18/Feb/2026,99.811996,97.379997,98.836998,93.404999
19/Feb/2026,100.267,97.269997,97.953003,95.814003
20/Feb/2026,100.635,98.046997,97.813004,98.096001
23/Feb/2026,99.898003,98.161003,96.231003,96.998001
24/Feb/2026,100.274,97.768997,95.113998,96.913002
25/Feb/2026,100.643,98.550003,95.579002,96.322998
26/Feb/2026,100.115,98.885002,95.811996,97.125
27/Feb/2026,100,100,100,100
02/Mar/2026,99.791,99.387001,102.141,97.591003
03/Mar/2026,99.927002,99.554001,101.722,97.040001
04/Mar/2026,100.486,98.941002,100.233,96.068001
05/Mar/2026,101.155,101.115,103.443,98.689003
06/Mar/2026,102.373,102.676,104.421,104.268
09/Mar/2026,101.777,101.169,105.444,101.986
10/Mar/2026,102.287,100.835,104.374,99.915001
11/Mar/2026,102.331,102.62,105.026,100.548
12/Mar/2026,102.961,103.122,105.305,101.183
13/Mar/2026,103.199,104.181,105.863,103.76
16/Mar/2026,102.326,101.226,105.91,100.972
17/Mar/2026,102.661,101.226,105.537,99.704002
18/Mar/2026,103.419,103.289,105.631,102.155
19/Mar/2026,103.353,104.737,105.444,102.788
20/Mar/2026,103.202,103.789,103.257,100.633
23/Mar/2026,102.883,102.452,101.768,99.364998
24/Mar/2026,103.335,103.122,102.28,99.746002
25/Mar/2026,103.672,104.181,102.141,101.056
26/Mar/2026,103.672,104.181,102.141,101.056
27/Mar/2026,104.438,103.009,103.211,102.282
30/Mar/2026,104.125,101.615,105.351,102.619
31/Mar/2026,105.018,102.063,105.863,104.183
01/Apr/2026,104.543,101.283,104.979,101.014
02/Apr/2026,104.441,100.835,104.514,101.141
03/Apr/2026,104.441,100.835,104.514,101.141
06/Apr/2026,104.964,101.226,103.118,100.633
07/Apr/2026,103.955,100.111,103.723,101.099
08/Apr/2026,103.649,100.2,103.537,98.470001
09/Apr/2026,103.701,99.977997,102.755,97.834999
10/Apr/2026,104.101,99.697998,102.308,97.523003
13/Apr/2026,104.341,100.078,101.74,99.653999
14/Apr/2026,105.301,100.891,103.443,101.647
15/Apr/2026,105.41,102.676,104.467,101.732
16/Apr/2026,104.888,102.063,103.955,102.534
17/Apr/2026,104.339,102.007,106.329,101.311
20/Apr/2026,104.522,102.62,105.444,102.452
21/Apr/2026,104.65,103.009,105.351,103.593
22/Apr/2026,104.425,103.176,106.468,102.619
23/Apr/2026,105.285,103.4,105.863,104.858
24/Apr/2026,105.173,103.343,103.955,104.268
27/Apr/2026,106.119,104.626,103.397,106.466
28/Apr/2026,107.648,106.02,101.908,111.199
29/Apr/2026,108.283,106.522,101.536,110.397
30/Apr/2026,107.617,105.852,103.816,107.649
01/May/2026,107.891,107.078,104.56,107.818
04/May/2026,108.027,108.305,109.214,108.367
05/May/2026,108.265,107.022,112.331,106.127
06/May/2026,107.021,104.459,113.262,104.353
